news_id,category,title,main_text,title_main_text,01,02,03,04,expert_opinion
1,자살,'공부 감시' 부친 보는 앞에서…28층서 투신한 명문고생',"베트남 하노이의 유명 학교 남학생이 자신을 감시하는 아버지 앞에서 극단적 선택하는 사건이 발생했다.
지난 2일 레딧 등 해외의 각종 온라인 커뮤니티에는 베트남 하노이에 거주하는 고교생 A군이 28층에서 투신하는 모습이 공개됐다.
A군은 하노이에서 최고의 공립 학교로 꼽히는 암스테르담 학교에서 생물학을 공부하던 학생이었다.

사건은 1일 오전 3시 34분쯤 일어났다. 영상에 따르면, 당시 A군은 아버지에게 ""넌 왜 오후부터 숙제를 하지 않았냐. 지금 당장 해라""라며 꾸중을 듣고 있었다.

A군이 책상 앞에 가만히 서 있자, 부친은 재차 ""너의 실수를 봐라. 뭐가 먼저고, 뭐가 나중인지 모르겠냐""고 잔소리했다.

A군이 지친 듯 베란다로 발걸음을 옮기자, 부친은 ""여기 있어라. 어딜 나가냐""고 꾸짖었다. A군은 아버지의 말을 무시하고 베란다 문을 열고 나가서 의자에 앉았다.

이후 A군은 베란다에서 고개를 내밀고 ""아빠, 내 노트 봐봐""라고 말했다. 이에 아버지가 ""뭔데? 뭐라고 썼는데""라며 A군의 책상으로 다가갔다.

아버지가 노트에 적힌 글을 유심히 읽는 동안 A군은 베란다 문을 닫았다. 이내 의자에 한 발을 올리고 난간 위로 몸을 내던졌다.

투신하는 순간을 포착한 A군의 아버지가 깜짝 놀라 이름을 외치며 베란다로 달려갔지만, A군은 이미 눈앞에서 사라졌다. 그의 집은 28층이었다.

패닉에 빠진 아버지는 소리를 지르며 베란다에서 나와 ""어떡하냐. 우리 아들이 아래로 뛰어내렸다""며 울부짖었다. 곧바로 A군의 아버지는 아내로 추정되는 여성과 함께 아들을 찾으러 갔다.

그의 아버지가 마지막에 읽은 것은 A군의 유서로 확인됐다. A군은 ""제가 했거나 앞으로 할 황당한 행동에 대해 정말 죄송하다""며 ""정말이지 인생은 너무 힘들다. 화가 나서 한 생각은 아니다. 오랫동안 생각해왔다""고 운을 뗐다.

이어 ""엄마는 매우 자상하지만 항상 잘못된 일을 하고, 과잉 반응을 보였다. 내 의견을 별로 중요하지 않게 생각한다""며 ""아빠는 다혈질이다. 관심도 없으면서 이해를 바라는 사람""이라고 적었다.

그러면서 ""화려한 건 없지만 이게 내 마지막 발언일 거다. 안녕. 인생은 농담과 같다""고 덧붙였다.

이 영상은 곧장 SNS와 온라인 커뮤니티를 통해 확산하면서 충격을 줬다. 특히 해당 CCTV 영상마저도 아버지가 아이의 공부를 감시하기 위해 설치된 것으로 밝혀져 더욱 공분을 불러왔다.

※ 우울감 등 말하기 어려운 고민이 있거나 주변에 이런 어려움을 겪는 가족·지인이 있을 경우 자살 예방 핫라인 ☎1577-0199, 희망의 전화 ☎129, 생명의 전화 ☎1588-9191, 청소년 전화 ☎1388 등에서 24시간 전문가의 상담을 받을 수 있습니다.","'공부 감시' 부친 보는 앞에서…28층서 투신한 명문고생 
베트남 하노이의 유명 학교 남학생이 자신을 감시하는 아버지 앞에서 극단적 선택하는 사건이 발생했다.

지난 2일 레딧 등 해외의 각종 온라인 커뮤니티에는 베트남 하노이에 거주하는 고교생 A군이 28층에서 투신하는 모습이 공개됐다.

A군은 하노이에서 최고의 공립 학교로 꼽히는 암스테르담 학교에서 생물학을 공부하던 학생이었다.

사건은 1일 오전 3시 34분쯤 일어났다. 영상에 따르면, 당시 A군은 아버지에게 ""넌 왜 오후부터 숙제를 하지 않았냐. 지금 당장 해라""라며 꾸중을 듣고 있었다.

A군이 책상 앞에 가만히 서 있자, 부친은 재차 ""너의 실수를 봐라. 뭐가 먼저고, 뭐가 나중인지 모르겠냐""고 잔소리했다.

A군이 지친 듯 베란다로 발걸음을 옮기자, 부친은 ""여기 있어라. 어딜 나가냐""고 꾸짖었다. A군은 아버지의 말을 무시하고 베란다 문을 열고 나가서 의자에 앉았다.

이후 A군은 베란다에서 고개를 내밀고 ""아빠, 내 노트 봐봐""라고 말했다. 이에 아버지가 ""뭔데? 뭐라고 썼는데""라며 A군의 책상으로 다가갔다.

아버지가 노트에 적힌 글을 유심히 읽는 동안 A군은 베란다 문을 닫았다. 이내 의자에 한 발을 올리고 난간 위로 몸을 내던졌다.

투신하는 순간을 포착한 A군의 아버지가 깜짝 놀라 이름을 외치며 베란다로 달려갔지만, A군은 이미 눈앞에서 사라졌다. 그의 집은 28층이었다.

패닉에 빠진 아버지는 소리를 지르며 베란다에서 나와 ""어떡하냐. 우리 아들이 아래로 뛰어내렸다""며 울부짖었다. 곧바로 A군의 아버지는 아내로 추정되는 여성과 함께 아들을 찾으러 갔다.

그의 아버지가 마지막에 읽은 것은 A군의 유서로 확인됐다. A군은 ""제가 했거나 앞으로 할 황당한 행동에 대해 정말 죄송하다""며 ""정말이지 인생은 너무 힘들다. 화가 나서 한 생각은 아니다. 오랫동안 생각해왔다""고 운을 뗐다.

이어 ""엄마는 매우 자상하지만 항상 잘못된 일을 하고, 과잉 반응을 보였다. 내 의견을 별로 중요하지 않게 생각한다""며 ""아빠는 다혈질이다. 관심도 없으면서 이해를 바라는 사람""이라고 적었다.

그러면서 ""화려한 건 없지만 이게 내 마지막 발언일 거다. 안녕. 인생은 농담과 같다""고 덧붙였다.

이 영상은 곧장 SNS와 온라인 커뮤니티를 통해 확산하면서 충격을 줬다. 특히 해당 CCTV 영상마저도 아버지가 아이의 공부를 감시하기 위해 설치된 것으로 밝혀져 더욱 공분을 불러왔다.

※ 우울감 등 말하기 어려운 고민이 있거나 주변에 이런 어려움을 겪는 가족·지인이 있을 경우 자살 예방 핫라인 ☎1577-0199, 희망의 전화 ☎129, 생명의 전화 ☎1588-9191, 청소년 전화 ☎1388 등에서 24시간 전문가의 상담을 받을 수 있습니다.",1,1,3,2,"이 보도는 사망 사실을 직접적으로 언급하고, 자살 방법과 관련 세부사항을 포함하고, 고인의 유서 내용을 보도하여 사생활을 적나라하게 다루었습니다. 다만 자살 예방 정보를 제공함으로써 예방에 대한 정보는 포함하고 있습니다."
2,자살,"조양 부모, 1억대 금융 채무.. 포털서 '추락' '물때'도 검색","경찰, 완도 송곡항서 아우디 차량 인양.. 일가족 시신 수습
지문 대조작업서 3명 모두 일치
펜션 CCTV속 옷·슬리퍼 차림
""차량 내 생존 몸부림 정황 없어""
변속기 위치 'P'.. 사인 파악 주력
교육부, 체험학습 운영 개선 권고
29일 오후 전남 완도군 신지면 송곡선착장 부근에서 경찰이 10ｍ 바닷속에 잠겨있는 조유나(10)양 가족의 차량을 인양한 뒤 조양 가족으로 추정되는 시신을 수습하고 있다. 경찰은 실종된 조양의 가족과 차량을 찾기 위해 수중 수색하다 전날 가두리양식장 아래에 잠겨있는 차량을 발견했다.
전남 완도에서 실종된 초등생 조유나(10)양 가족이 타고 다닌 승용차 안에서 조양 가족으로 확인된 시신 3구가 발견됐다. 경찰은 조양 부모가 가상화폐 투자와 극단적 선택을 암시하는 단어를 인터넷에서 검색한 기록을 확보하고 사망 원인 파악에 주력하고 있다.
29일 광주경찰과 완도해양경찰에 따르면 경찰은 이날 오전 10시15분 인력 50여명과 크레인 1대, 바지선 1대 등을 투입해 완도군 신지면 송곡항 앞바다에서 조양 가족의 아우디 A6 차량을 인양했다. 이어 낮 12시20분쯤 차량을 송곡항으로 이송한 뒤 내부수색을 진행해 시신 3구를 확인했다.
경찰은 지문대조 결과 시신 3구의 지문이 조양과 아버지, 어머니의 지문과 일치한 것으로 확인됐다. 아울러 시신의 의복·슬리퍼가 조양 가족이 마지막으로 폐쇄회로(CC)TV에 찍힌 모습과 같았다고 밝혔다. 조양 가족은 지난달 ‘제주도 한 달 살이’를 하겠다며 광주를 떠나 송곡항 일원에서 연락이 끊겼다.

시신은 운전석과 뒷좌석에서 발견됐다. 운전석 시신은 조양 아버지로 안전벨트를 착용했고, 뒷좌석에 있는 조양 어머니와 조양은 안전벨트를 착용하지 않았다. 바닷물에 잠겨 있는 동안 이들의 위치가 바뀌었을 수 있다고 경찰은 설명했다. 시신의 부패 상태가 심해 육안으로는 신원 확인이 불가능했다.

경찰은 국립과학수사연구원 부검을 통해 사망 원인을 규명할 방침이다. 인양된 아우디 차량은 광주 국과수에 감정 의뢰됐다. 경찰은 고장·단순 교통사고, 사고 고의성 여부 등을 확인할 계획이다.

2시간여에 걸쳐 인양을 마친 차량 상태는 앞부분의 일부 파손 외에는 비교적 양호했다. 운전석 문만 잠기지 않고 닫혀 있었으며, 나머지 차문 3개는 모두 잠겨 있었다. 변속기는 주차(P) 위치에 있었다. 탑승자가 바닷물에 빠지기 전후 생존을 위해 몸부림치는 등의 흔적은 차량 안에서 확인되지 않았다고 경찰은 설명했다.
끝내… 전남 완도에서 실종된 초등생 조유나양 가족이 타고 다닌 승용차가 약 한 달 만에 바다에서 발견돼 29일 경찰이 완도 송곡항에서 인양 작업을 하고 있다. 차량 안에서는 조양 가족 시신 3구가 발견됐다.
경찰은 차량 내부에 설치된 블랙박스(영상 녹화 기록 장치)에서 마이크로 SD카드를 확보, 분석해 구체적인 차량 동선·입수 경위 등을 파악할 방침이다. 보존 상태 등이 좋지 않아 영상 복원 가능성은 불투명하다.
이날 인양된 아우디 차량은 조양 가족이 지난달 23일 광주 남구 자택을 나선 직후부터 지난달 30일 오후 10시57분쯤 완도군 신지면 한 펜션을 빠져나올 때까지 이용한 승용차다.

경찰은 조양 가족의 생전 행적과 사망원인 파악에 주력하고 있다. 조양 가족의 신원이 확인되고 범죄 연루 가능성이 없을 경우 ‘공소권 없음’으로 이 사건은 종결된다.
경찰은 우선 조양 가족이 극단적 선택을 했을 가능성에 무게를 두고 있다. 경찰은 조양 부모가 지난달부터 실종 직전까지 ‘수면제’ ‘방파제’ ‘추락’ ‘물때’ 등 극단적 선택을 암시하는 단어를 검색한 기록을 확인했다.

포털사이트에서 루나 코인을 여러 차례 검색한 내역도 나왔다. 경찰은 이들이 가상화폐에 투자해 막대한 손실을 입어 경제적인 어려움에 처했다는 조양 아버지 주변인들의 진술을 확보했다. 조양 아버지와 동종 업계 관계자는 “조씨가 지난해 가상화폐에 투자해 수천만원의 수익을 얻은 것으로 알고 있다”며 “가상화폐 투자 손실로 지난해 7월 매장을 정리했다”고 했다.
경찰은 검색 정황을 토대로 부부의 금융 거래 내역과 통신 기록, 신용카드 사용 기록 등을 확인할 방침이다. 금융 채무는 1억원 초반대로 파악됐다.
광주 초등학교 5학년생인 조양과 부모는 지난달 19일부터 지난 15일까지 ‘제주도 한 달 살기 체험’을 하겠다며 교외체험학습을 신청했다. 조양이 체험학습이 끝나도 등교하지 않자 학교 측은 지난 22일 경찰에 신고했다.

한편 교육부는 이날 각 교육청에 교외체험학습 운영 제도 개선을 권고했다. 인천의 경우 체험학습을 신청했던 초등학생이 숨진 채 발견된 사건을 계기로 지난해 3월부터 연속 5일 이상 교외체험학습을 신청한 학생은 담임교사가 주 1회 이상 아동과 통화하도록 하고 있다. 조양의 거주지인 광주는 이를 운영하지 않고 있다. 교육부는 이날 나머지 11개 시·도 교육청에도 도입을 요청했다.

광주·완도·세종=한현묵·한승하·김유나 기자

ⓒ 세계일보 & Segye.com, 무단 전재 및 재배포 금지"," 조양 부모, 1억대 금융 채무.. 포털서 '추락' '물때'도 검색 
 경찰, 완도 송곡항서 아우디 차량 인양.. 일가족 시신 수습
지문 대조작업서 3명 모두 일치
펜션 CCTV속 옷·슬리퍼 차림
""차량 내 생존 몸부림 정황 없어""
변속기 위치 'P'.. 사인 파악 주력
교육부, 체험학습 운영 개선 권고
29일 오후 전남 완도군 신지면 송곡선착장 부근에서 경찰이 10ｍ 바닷속에 잠겨있는 조유나(10)양 가족의 차량을 인양한 뒤 조양 가족으로 추정되는 시신을 수습하고 있다. 경찰은 실종된 조양의 가족과 차량을 찾기 위해 수중 수색하다 전날 가두리양식장 아래에 잠겨있는 차량을 발견했다.
전남 완도에서 실종된 초등생 조유나(10)양 가족이 타고 다닌 승용차 안에서 조양 가족으로 확인된 시신 3구가 발견됐다. 경찰은 조양 부모가 가상화폐 투자와 극단적 선택을 암시하는 단어를 인터넷에서 검색한 기록을 확보하고 사망 원인 파악에 주력하고 있다.
29일 광주경찰과 완도해양경찰에 따르면 경찰은 이날 오전 10시15분 인력 50여명과 크레인 1대, 바지선 1대 등을 투입해 완도군 신지면 송곡항 앞바다에서 조양 가족의 아우디 A6 차량을 인양했다. 이어 낮 12시20분쯤 차량을 송곡항으로 이송한 뒤 내부수색을 진행해 시신 3구를 확인했다.
경찰은 지문대조 결과 시신 3구의 지문이 조양과 아버지, 어머니의 지문과 일치한 것으로 확인됐다. 아울러 시신의 의복·슬리퍼가 조양 가족이 마지막으로 폐쇄회로(CC)TV에 찍힌 모습과 같았다고 밝혔다. 조양 가족은 지난달 ‘제주도 한 달 살이’를 하겠다며 광주를 떠나 송곡항 일원에서 연락이 끊겼다.

시신은 운전석과 뒷좌석에서 발견됐다. 운전석 시신은 조양 아버지로 안전벨트를 착용했고, 뒷좌석에 있는 조양 어머니와 조양은 안전벨트를 착용하지 않았다. 바닷물에 잠겨 있는 동안 이들의 위치가 바뀌었을 수 있다고 경찰은 설명했다. 시신의 부패 상태가 심해 육안으로는 신원 확인이 불가능했다.

경찰은 국립과학수사연구원 부검을 통해 사망 원인을 규명할 방침이다. 인양된 아우디 차량은 광주 국과수에 감정 의뢰됐다. 경찰은 고장·단순 교통사고, 사고 고의성 여부 등을 확인할 계획이다.

2시간여에 걸쳐 인양을 마친 차량 상태는 앞부분의 일부 파손 외에는 비교적 양호했다. 운전석 문만 잠기지 않고 닫혀 있었으며, 나머지 차문 3개는 모두 잠겨 있었다. 변속기는 주차(P) 위치에 있었다. 탑승자가 바닷물에 빠지기 전후 생존을 위해 몸부림치는 등의 흔적은 차량 안에서 확인되지 않았다고 경찰은 설명했다.
끝내… 전남 완도에서 실종된 초등생 조유나양 가족이 타고 다닌 승용차가 약 한 달 만에 바다에서 발견돼 29일 경찰이 완도 송곡항에서 인양 작업을 하고 있다. 차량 안에서는 조양 가족 시신 3구가 발견됐다.
경찰은 차량 내부에 설치된 블랙박스(영상 녹화 기록 장치)에서 마이크로 SD카드를 확보, 분석해 구체적인 차량 동선·입수 경위 등을 파악할 방침이다. 보존 상태 등이 좋지 않아 영상 복원 가능성은 불투명하다.
이날 인양된 아우디 차량은 조양 가족이 지난달 23일 광주 남구 자택을 나선 직후부터 지난달 30일 오후 10시57분쯤 완도군 신지면 한 펜션을 빠져나올 때까지 이용한 승용차다.

경찰은 조양 가족의 생전 행적과 사망원인 파악에 주력하고 있다. 조양 가족의 신원이 확인되고 범죄 연루 가능성이 없을 경우 ‘공소권 없음’으로 이 사건은 종결된다.
경찰은 우선 조양 가족이 극단적 선택을 했을 가능성에 무게를 두고 있다. 경찰은 조양 부모가 지난달부터 실종 직전까지 ‘수면제’ ‘방파제’ ‘추락’ ‘물때’ 등 극단적 선택을 암시하는 단어를 검색한 기록을 확인했다.

포털사이트에서 루나 코인을 여러 차례 검색한 내역도 나왔다. 경찰은 이들이 가상화폐에 투자해 막대한 손실을 입어 경제적인 어려움에 처했다는 조양 아버지 주변인들의 진술을 확보했다. 조양 아버지와 동종 업계 관계자는 “조씨가 지난해 가상화폐에 투자해 수천만원의 수익을 얻은 것으로 알고 있다”며 “가상화폐 투자 손실로 지난해 7월 매장을 정리했다”고 했다.
경찰은 검색 정황을 토대로 부부의 금융 거래 내역과 통신 기록, 신용카드 사용 기록 등을 확인할 방침이다. 금융 채무는 1억원 초반대로 파악됐다.
광주 초등학교 5학년생인 조양과 부모는 지난달 19일부터 지난 15일까지 ‘제주도 한 달 살기 체험’을 하겠다며 교외체험학습을 신청했다. 조양이 체험학습이 끝나도 등교하지 않자 학교 측은 지난 22일 경찰에 신고했다.

한편 교육부는 이날 각 교육청에 교외체험학습 운영 제도 개선을 권고했다. 인천의 경우 체험학습을 신청했던 초등학생이 숨진 채 발견된 사건을 계기로 지난해 3월부터 연속 5일 이상 교외체험학습을 신청한 학생은 담임교사가 주 1회 이상 아동과 통화하도록 하고 있다. 조양의 거주지인 광주는 이를 운영하지 않고 있다. 교육부는 이날 나머지 11개 시·도 교육청에도 도입을 요청했다.

광주·완도·세종=한현묵·한승하·김유나 기자

ⓒ 세계일보 & Segye.com, 무단 전재 및 재배포 금지",2,2,2,3,"이 점수는 기사가 보도준칙을 얼마나 잘 지켰는지를 평가하는 데 사용할 수 있습니다. 이 경우 기사는 상당 부분 준칙을 준수하였으나, 자살 예방 정보의 부재와 본문 내 특정 단어 사용으로 인해 만점에는 도달하지 못했습니다."
3,자살,"경남기업 성완종 전 회장 ""결백 밝히기 위해 자살하겠다"" 자원외교 비리는 무엇?","경남기업 성완종 전 회장을 자살로 내몬 자원외교 비리란?

9일 한 매체의 보도에 따르면 오전 유서를 쓰고 잠적한 경남기업 성완종 전 회장은 이날 오후 3시 32분경 북한산 형제봉 매표소에서 300ｍ 떨어진 지점에서 목을 맨 채 숨져 있는 것을 경찰 수색견이 발견했다.
당초 서울중앙지법은 이날 오전 10시 30분부터 경남기업 성완종 전 회장에 대한 구속영장 실질 심사를 진행할 예정이었다.

경남기업 성완종 전 회장은 지난 2006년부터 2013년 5월 사이 회사의 재무상태를 속인 뒤 회사 재무 상태를 속여 해외 자원 개발 사업에 지원되는 정부 융자금과 금융권 대출 800억여 원을 받아냈다. 이후 거래대금 조작 등을 받아낸 뒤 거래대금 조작 등을 통해 회사 돈 250억 원을 횡령한 혐의를 받고 있었다. 성완종 전 회장은 신용등급을 유지하기 위해 재무상태가 좋은 것처럼 9500억 원대 분식회계를 벌인 혐의도 함께 받고 있었다.

경남기업 성완종 전 회장은 유서에서 “나는 자원외교와 관련, 혐의가 없고 결백한 사람이다”며 “억울해서 결백을 밝히기 위해 자살하겠다”고 전했다. 자원외교 비리 수사가 이명박 정부로 겨냥되자 자신이 피해자임을 주장한 것이다.

이에 따라 검찰의 자원외교 비리 수사에도 차질이 생길 것이라는 전망도 나온 상태다.

성완종 유서 남기고 잠적 소식에 누리꾼들은 “성완종 유서 남기고 잠적, 어이가 없다” “성완종 유서 남기고 잠적, 잘못된 것” “성완종 유서 남기고 잠적, 무서워” “성완종 유서 남기고 잠적, ” 등의 반응을 보이고 있다.

온라인 뉴스팀
[ⓒ 세계비즈앤스포츠월드 & sportsworldi.com, 무단전재 및 재배포 금지] ","경남기업 성완종 전 회장 ""결백 밝히기 위해 자살하겠다"" 자원외교 비리는 무엇? 
경남기업 성완종 전 회장을 자살로 내몬 자원외교 비리란?

9일 한 매체의 보도에 따르면 오전 유서를 쓰고 잠적한 경남기업 성완종 전 회장은 이날 오후 3시 32분경 북한산 형제봉 매표소에서 300ｍ 떨어진 지점에서 목을 맨 채 숨져 있는 것을 경찰 수색견이 발견했다.
당초 서울중앙지법은 이날 오전 10시 30분부터 경남기업 성완종 전 회장에 대한 구속영장 실질 심사를 진행할 예정이었다.

경남기업 성완종 전 회장은 지난 2006년부터 2013년 5월 사이 회사의 재무상태를 속인 뒤 회사 재무 상태를 속여 해외 자원 개발 사업에 지원되는 정부 융자금과 금융권 대출 800억여 원을 받아냈다. 이후 거래대금 조작 등을 받아낸 뒤 거래대금 조작 등을 통해 회사 돈 250억 원을 횡령한 혐의를 받고 있었다. 성완종 전 회장은 신용등급을 유지하기 위해 재무상태가 좋은 것처럼 9500억 원대 분식회계를 벌인 혐의도 함께 받고 있었다.

경남기업 성완종 전 회장은 유서에서 “나는 자원외교와 관련, 혐의가 없고 결백한 사람이다”며 “억울해서 결백을 밝히기 위해 자살하겠다”고 전했다. 자원외교 비리 수사가 이명박 정부로 겨냥되자 자신이 피해자임을 주장한 것이다.

이에 따라 검찰의 자원외교 비리 수사에도 차질이 생길 것이라는 전망도 나온 상태다.

성완종 유서 남기고 잠적 소식에 누리꾼들은 “성완종 유서 남기고 잠적, 어이가 없다” “성완종 유서 남기고 잠적, 잘못된 것” “성완종 유서 남기고 잠적, 무서워” “성완종 유서 남기고 잠적, ” 등의 반응을 보이고 있다.

온라인 뉴스팀
[ⓒ 세계비즈앤스포츠월드 & sportsworldi.com, 무단전재 및 재배포 금지]",1,1,2,2,"기사 제목과 본문에 자살이 명시되어 있고, 구체적인 방법, 동기, 장소가 언급되었으며, 자살 미화 없이 예방 정보도 생략했고, 고인의 사생활은 다소 침해되었습니다."
4,자살,극단적 선택 의심 정황 ´속속´···의혹 속 진실은,"마지막 기지국 신호 잡힌 송곡항 인근 바다서
28일 오후 일가족이 탄 아우디 차량 '발견'
수개월 전 '폐업'·집 안에 쌓인 독촉장…생활고
영상 속 조양의 모습 등 '극단적 선택' 무게 실려
제주도 한달 살기 체험을 간다고 집을 나선 뒤 완도에서 연락이 두절된 초등학생 가족에 대한 수색작업이 일주일째를 맞은 28일 실종 직전 마지막으로 휴대전화 기지국 신호가 포착된 완도 송곡항 인근 바다에서 일가족이 탄 승용차가 발견되면서 의문이 꼬리를 물고 있다.

조유나(10)양의 부모가 학교에 제주도 한달 살기 체험을 급하게 신청한 후 제주도가 아닌 완도 명사십리 인근 펜션을 예약하고, 늦은 밤 축 늘어진 상태로 어머니 등에 업힌 채 숙소를 빠져나오는 조양의 모습 등을 볼 때 부모가 극단적 선택을 하기로 미리 결심한 후 일련의 계획에 따라 순차적으로 실행했을 가능성도 배제할 수 없는 상황이다. 조양의 아버지(36)가 수개월 전 컴퓨터 관련 사업체를 페업하고 어머니(35) 또한 다니던 직장을 그만둔 상태에서 수천만원의 카드빚을 지는 등 일가족이 극심한 생활고를 견디지 못하고 극단적 선택을 시도했다는 추론에 무게가 실리고 있다.



◆제주도 아닌 완도행…세 차례 외출

28일 광주 남부경찰서 등에 따르면 조양의 어머니인 이모(35)씨는 지난달 17일 학교 홈페이지를 통해 조양과 지난달 19일부터 이달 15일까지 제주도로 교외 체험학습을 떠나겠다는 신청서를 제출했다.

제주도로 떠나기 불과 이틀 전이다. 신청서를 제출한 당일 목적지인 제주도가 아닌 완도 명사십리 인근에 있는 한 펜션에 가족이 머물 숙소도 예약한 것으로 알려졌다.

조양의 가족은 지난달 23일 광주 남구 자택에서 나와 완도로 향한 후 24일부터 28일까지 완도 명사십리 인근 한 펜션에 머물었다. 28일부터 29일까지는 펜션에 예약이 차 있어 다른 곳에서 지내다 29일 다시 입실해 30일 오후 10시57분께 펜션을 나간 것으로 확인됐다.

조양의 가족은 주로 숙소 안에서 머물면서 완도읍과 고금도, 해남, 강진 등 주변 지역에 잠시 외출했던 것으로 나타났다. 펜션에 머문 일주일(24일~30일)간 해남 방면으로 한 차례, 강진 방면으로 두 차례 등 세 차례에 걸쳐 1~2시간 남짓 짧은 외출을 한 것으로 알려졌다. 이 과정에서 조양은 밖에 나오지 않고 펜션에만 머물렀던 것으로 전해졌다. 이처럼 수차례 완도 인근 지역을 오고 간 배경에 대해 의문이 커지는 상황에서 무슨 목적으로 다녀왔는지에 대한 궁금증이 커지고 있다.

경찰은 조양의 친가가 한때 고금도에 있었던 탓에 완도행을 택한 것은 아닌지 추측하고 있다. 수차례 인근 지역으로 짧은 외출을 한 배경에 대해서는 밝혀진 바 없다.



◆미심쩍은 CCTV 속 가족 모습

지난달 30일 오후 11시께 완도 명사십리 인근 펜션에서 나오는 조양 가족의 모습이 폐쇄회로 (CC)-TV에 포착된 가운데 어머니 등에 업힌 채로 나오는 조양의 모습을 두고 단순히 잠든 게 아닌 정상적인 의식 판단이 없는 것으로 보여진다는 의혹도 일고 있다.

당시 영상 자료에는 조양은 축 늘어진 상태로 엄마 등에 업혀 있고, 그 옆에는 하얀 비닐봉지를 든 채 휴대전화를 보는 아버지의 모습이 담겨 있다.

보통 유아가 아닌 이상 조양과 같은 초등학교 고학년의 경우 깨워서 함께 외출하기 마련일 뿐만 아니라 이상할 정도로 축 늘어진 조양의 상태를 두고 상당히 깊이 잠들어 있거나 수면제 등 약물이 투여되었을 가능성을 배제하지 못한다는 이야기도 나오고 있다. 이에 따라 부모가 극단적 선택을 실행하기 전 조양에게 약물을 먹여 의식을 잃게 한 후 차에 태우고 송곡항 인근으로 간 것으로 추정된다.

◆생활고 의심 정황…극단적 선택에 무게

조양의 부모는 수개월 전 컴퓨터 관련 사업체를 폐업한 후 현재 재직 중인 직장이나 운영 중인 사업체는 없는 것으로 알려졌고, 집에 수천만원의 카드빚 독촉을 안내하는 법원 특별우편 송달 딱지가 붙어 있는 등 생활고를 겪었던 것으로 짐작되는 정황들이 나오고 있다. 조양의 어머니도 최근 직장을 그만둔 것으로 전해졌다.

해당 법원 특별우편 송달 딱지는 조양의 어머니 편으로 온 것으로, 신용카드사에서 미납된 2천700만원 가량의 카드 대급을 받기 위해 법원에 지급명령을 접수한데 따른 것으로 알려졌다.

조양의 가족이 신용카드사 한 곳에만 갚아야 할 대금이 2천700여만원이 넘는 것으로 드러났고, 자택에서 카드회사 독촉장, 관리비 미납 고지서 등이 쌓여 있던 것으로 확인된 만큼 생활고를 겪고 있었을 것으로 추정된다.
또한 조양의 아버지인 조모씨가 몰았던 외제차는 개인 소유 차량이 아닌 리스차량으로, 검사유효기간이 두달여가 지났지만 검사를 받지 않은 것으로 알려져 생활고에 의한 극단적 선택에 대한 가능성이 높다.

이날 실종 직전 마지막으로 휴대전화 기지국 신호가 포착된 송곡항 인근 바다에서 해당 차량이 발견되면서 극단적 선택에 대한 추론에 힘이 실리고 있는 상황이다.

이예지기자 foresight@mdilbo.com","극단적 선택 의심 정황 ´속속´···의혹 속 진실은 
 마지막 기지국 신호 잡힌 송곡항 인근 바다서
28일 오후 일가족이 탄 아우디 차량 '발견'
수개월 전 '폐업'·집 안에 쌓인 독촉장…생활고
영상 속 조양의 모습 등 '극단적 선택' 무게 실려
제주도 한달 살기 체험을 간다고 집을 나선 뒤 완도에서 연락이 두절된 초등학생 가족에 대한 수색작업이 일주일째를 맞은 28일 실종 직전 마지막으로 휴대전화 기지국 신호가 포착된 완도 송곡항 인근 바다에서 일가족이 탄 승용차가 발견되면서 의문이 꼬리를 물고 있다.

조유나(10)양의 부모가 학교에 제주도 한달 살기 체험을 급하게 신청한 후 제주도가 아닌 완도 명사십리 인근 펜션을 예약하고, 늦은 밤 축 늘어진 상태로 어머니 등에 업힌 채 숙소를 빠져나오는 조양의 모습 등을 볼 때 부모가 극단적 선택을 하기로 미리 결심한 후 일련의 계획에 따라 순차적으로 실행했을 가능성도 배제할 수 없는 상황이다. 조양의 아버지(36)가 수개월 전 컴퓨터 관련 사업체를 페업하고 어머니(35) 또한 다니던 직장을 그만둔 상태에서 수천만원의 카드빚을 지는 등 일가족이 극심한 생활고를 견디지 못하고 극단적 선택을 시도했다는 추론에 무게가 실리고 있다.



◆제주도 아닌 완도행…세 차례 외출

28일 광주 남부경찰서 등에 따르면 조양의 어머니인 이모(35)씨는 지난달 17일 학교 홈페이지를 통해 조양과 지난달 19일부터 이달 15일까지 제주도로 교외 체험학습을 떠나겠다는 신청서를 제출했다.

제주도로 떠나기 불과 이틀 전이다. 신청서를 제출한 당일 목적지인 제주도가 아닌 완도 명사십리 인근에 있는 한 펜션에 가족이 머물 숙소도 예약한 것으로 알려졌다.

조양의 가족은 지난달 23일 광주 남구 자택에서 나와 완도로 향한 후 24일부터 28일까지 완도 명사십리 인근 한 펜션에 머물었다. 28일부터 29일까지는 펜션에 예약이 차 있어 다른 곳에서 지내다 29일 다시 입실해 30일 오후 10시57분께 펜션을 나간 것으로 확인됐다.

조양의 가족은 주로 숙소 안에서 머물면서 완도읍과 고금도, 해남, 강진 등 주변 지역에 잠시 외출했던 것으로 나타났다. 펜션에 머문 일주일(24일~30일)간 해남 방면으로 한 차례, 강진 방면으로 두 차례 등 세 차례에 걸쳐 1~2시간 남짓 짧은 외출을 한 것으로 알려졌다. 이 과정에서 조양은 밖에 나오지 않고 펜션에만 머물렀던 것으로 전해졌다. 이처럼 수차례 완도 인근 지역을 오고 간 배경에 대해 의문이 커지는 상황에서 무슨 목적으로 다녀왔는지에 대한 궁금증이 커지고 있다.

경찰은 조양의 친가가 한때 고금도에 있었던 탓에 완도행을 택한 것은 아닌지 추측하고 있다. 수차례 인근 지역으로 짧은 외출을 한 배경에 대해서는 밝혀진 바 없다.



◆미심쩍은 CCTV 속 가족 모습

지난달 30일 오후 11시께 완도 명사십리 인근 펜션에서 나오는 조양 가족의 모습이 폐쇄회로 (CC)-TV에 포착된 가운데 어머니 등에 업힌 채로 나오는 조양의 모습을 두고 단순히 잠든 게 아닌 정상적인 의식 판단이 없는 것으로 보여진다는 의혹도 일고 있다.

당시 영상 자료에는 조양은 축 늘어진 상태로 엄마 등에 업혀 있고, 그 옆에는 하얀 비닐봉지를 든 채 휴대전화를 보는 아버지의 모습이 담겨 있다.

보통 유아가 아닌 이상 조양과 같은 초등학교 고학년의 경우 깨워서 함께 외출하기 마련일 뿐만 아니라 이상할 정도로 축 늘어진 조양의 상태를 두고 상당히 깊이 잠들어 있거나 수면제 등 약물이 투여되었을 가능성을 배제하지 못한다는 이야기도 나오고 있다. 이에 따라 부모가 극단적 선택을 실행하기 전 조양에게 약물을 먹여 의식을 잃게 한 후 차에 태우고 송곡항 인근으로 간 것으로 추정된다.

◆생활고 의심 정황…극단적 선택에 무게

조양의 부모는 수개월 전 컴퓨터 관련 사업체를 폐업한 후 현재 재직 중인 직장이나 운영 중인 사업체는 없는 것으로 알려졌고, 집에 수천만원의 카드빚 독촉을 안내하는 법원 특별우편 송달 딱지가 붙어 있는 등 생활고를 겪었던 것으로 짐작되는 정황들이 나오고 있다. 조양의 어머니도 최근 직장을 그만둔 것으로 전해졌다.

해당 법원 특별우편 송달 딱지는 조양의 어머니 편으로 온 것으로, 신용카드사에서 미납된 2천700만원 가량의 카드 대급을 받기 위해 법원에 지급명령을 접수한데 따른 것으로 알려졌다.

조양의 가족이 신용카드사 한 곳에만 갚아야 할 대금이 2천700여만원이 넘는 것으로 드러났고, 자택에서 카드회사 독촉장, 관리비 미납 고지서 등이 쌓여 있던 것으로 확인된 만큼 생활고를 겪고 있었을 것으로 추정된다.
또한 조양의 아버지인 조모씨가 몰았던 외제차는 개인 소유 차량이 아닌 리스차량으로, 검사유효기간이 두달여가 지났지만 검사를 받지 않은 것으로 알려져 생활고에 의한 극단적 선택에 대한 가능성이 높다.

이날 실종 직전 마지막으로 휴대전화 기지국 신호가 포착된 송곡항 인근 바다에서 해당 차량이 발견되면서 극단적 선택에 대한 추론에 힘이 실리고 있는 상황이다.

이예지기자 foresight@mdilbo.com",3,4,2,3,"기사는 ‘극단적 선택’이라는 간접적 표현을 사용하고 자살에 대한 구체적인 방법이나 동기, 장소, 도구를 언급하지 않았으며, 유가족의 사생활을 존중하고 있지만 자살 예방 정보는 포함하지 않았습니다."
5,자살,"충격에 빠진 노회찬 투신 아파트 주민들 …""심폐소생술 3,4분 하다 천 덮어"" ","노회찬 정의당 원내대표가 투신한 서울 중구의 한 아파트는 23일 오전 내내 충격에 휩싸였다.

투신 장면을 직접 목격하진 않았지만 구급대 출동 후 장면을 지켜본 주민들도 착잡함을 감추지 못했다. 10년 넘게 이 아파트에 거주했다는 한 주민은 “내가 발견했을 때는 이미 소방차가 와서 심폐소생술을 하고 있었다. 정신이 없어 제대로 보지 못했는데 이미 숨진 상태였던 것 같다”고 했다.

또 다른 주민인 80대 이모씨는 “처음에는 소방차가 오길래 불이 난 줄 알았는데 뉴스를 보고 노회찬 의원이 숨진 걸 알았다”고 말했다. 다른 주민 이모(45)씨는 “약수동 쪽에 큰 아파트가 없어 뉴스를 보는 순간 이 아파트인줄 알고 잠깐 나와봤다. 돈 문제로 그런 선택을 한 게 너무 안타깝다”고 전했다.
노 의원이 숨진 곳은 남동생 가족과 어머니가 살고 있는 아파트. 주민 중에는 어머니를 만나기 위해 가끔 아파트에 들른 노 의원을 본 적이 있다는 사람도 있었다. 주민 노승현(41)씨는 “피가 흥건해서 살기 힘들겠다는 생각을 했다. 그냥 중년 남자인가 했다”면서 “몇달 전에도 봤고 그래서 노 의원이 여기 사는 줄 알고 있었다”고 말했다.
김모(60)씨는 “10시쯤에 소리가 들려서 나왔고, 구급차 있길래 가봤더니 놀이터 쪽에 근조라고 적히고 하얀 천이 덮여 있었다”면서 “누가 떨어졌구나 했는데 가슴이 벌렁벌렁했는데, 기자들 와서 뉴스보고 노회찬 의원인 줄 알았다”고 말했다.

아침 산책 중이라던 박창덕(75)씨는 “놀이터에서 어떤 여자분이 저기 사람이 떨어졌다고 해서 갔더니 경찰차 2대, 구급차 2대가 와서 인공호흡 중이었다”면서 “인공호흡을 3,4분 시도하다 소생 기미가 안보이니 무슨 비닐 같은 걸로 덮고 나서 경찰이 폴리스라인을 쳤다”고 말했다.

주민 김모씨는 “뉴스 매일 보는데 노회찬이도 돈을 받았나부다 세상 깨끗한 사람 없네 했다. 상계동에 살고 있는 거로 알고있었는데 우리 아파트에서 이렇게 사고가 났다고 하니 놀라서 나와봤다”며 사고 현장을 지켜봤다.

12년째 이 아파트에 거주하고 있는 박모(62ㆍ여)씨는 “오전 10시에 관리사무소(13동 뒷편)에서 주민 대상 라인댄스 수업을 해서 오전 9시50분쯤 18동에서 사고난 동으로 지나가는데 어떤 남자가 현관 앞에 얼굴을 땅 쪽으로 데고, 대자로 누워 있었다”면서 “청소아줌마가 좀 전에 쿵소리가 났다고 하더라”고 말했다.","충격에 빠진 노회찬 투신 아파트 주민들 …""심폐소생술 3,4분 하다 천 덮어"" 
 노회찬 정의당 원내대표가 투신한 서울 중구의 한 아파트는 23일 오전 내내 충격에 휩싸였다.

투신 장면을 직접 목격하진 않았지만 구급대 출동 후 장면을 지켜본 주민들도 착잡함을 감추지 못했다. 10년 넘게 이 아파트에 거주했다는 한 주민은 “내가 발견했을 때는 이미 소방차가 와서 심폐소생술을 하고 있었다. 정신이 없어 제대로 보지 못했는데 이미 숨진 상태였던 것 같다”고 했다.

또 다른 주민인 80대 이모씨는 “처음에는 소방차가 오길래 불이 난 줄 알았는데 뉴스를 보고 노회찬 의원이 숨진 걸 알았다”고 말했다. 다른 주민 이모(45)씨는 “약수동 쪽에 큰 아파트가 없어 뉴스를 보는 순간 이 아파트인줄 알고 잠깐 나와봤다. 돈 문제로 그런 선택을 한 게 너무 안타깝다”고 전했다.
노 의원이 숨진 곳은 남동생 가족과 어머니가 살고 있는 아파트. 주민 중에는 어머니를 만나기 위해 가끔 아파트에 들른 노 의원을 본 적이 있다는 사람도 있었다. 주민 노승현(41)씨는 “피가 흥건해서 살기 힘들겠다는 생각을 했다. 그냥 중년 남자인가 했다”면서 “몇달 전에도 봤고 그래서 노 의원이 여기 사는 줄 알고 있었다”고 말했다.
김모(60)씨는 “10시쯤에 소리가 들려서 나왔고, 구급차 있길래 가봤더니 놀이터 쪽에 근조라고 적히고 하얀 천이 덮여 있었다”면서 “누가 떨어졌구나 했는데 가슴이 벌렁벌렁했는데, 기자들 와서 뉴스보고 노회찬 의원인 줄 알았다”고 말했다.

아침 산책 중이라던 박창덕(75)씨는 “놀이터에서 어떤 여자분이 저기 사람이 떨어졌다고 해서 갔더니 경찰차 2대, 구급차 2대가 와서 인공호흡 중이었다”면서 “인공호흡을 3,4분 시도하다 소생 기미가 안보이니 무슨 비닐 같은 걸로 덮고 나서 경찰이 폴리스라인을 쳤다”고 말했다.

주민 김모씨는 “뉴스 매일 보는데 노회찬이도 돈을 받았나부다 세상 깨끗한 사람 없네 했다. 상계동에 살고 있는 거로 알고있었는데 우리 아파트에서 이렇게 사고가 났다고 하니 놀라서 나와봤다”며 사고 현장을 지켜봤다.

12년째 이 아파트에 거주하고 있는 박모(62ㆍ여)씨는 “오전 10시에 관리사무소(13동 뒷편)에서 주민 대상 라인댄스 수업을 해서 오전 9시50분쯤 18동에서 사고난 동으로 지나가는데 어떤 남자가 현관 앞에 얼굴을 땅 쪽으로 데고, 대자로 누워 있었다”면서 “청소아줌마가 좀 전에 쿵소리가 났다고 하더라”고 말했다.",3,3,2,3,"제목에는 '투신'이라는 단어가 포함되었지만 본문은 '숨지다'와 같은 객관적 사실에 초점을 맞추고, 자살 방법 외의 구체적인 내용은 언급하지 않았으며, 자살을 미화하지 않고 유가족의 사생활을 존중하였습니다."
6,자살,"아이돌 아스트로 멤버 문빈, 강남 자택서 숨진 채 발견","[서울=뉴스핌] 조민교 기자 = 아이돌 남성 그룹 아스트로(ASTRO) 멤버 문빈(25)이 자택에서 숨진 채 발견됐다.

20일 경찰에 따르면 문빈은 전날 오후 8시10분쯤 서울 강남구 자택에서 숨져 있었고, 이를 발견한 매니저가 경찰에 신고했다.

경찰은 문빈이 극단적 선택을 한 것으로 추정하고 정확한 사망 원인을 조사 중이다.
소속사 판타지오는 입장문을 통해 ""비통하고 가슴 아픈 소식을 전하게 되어 죄송하다는 말씀 먼저 드린다. 아스트로 멤버 문빈이 갑작스럽게 우리의 곁을 떠나 하늘의 별이 되었다""라며 ""갑작스러운 비보에 큰 슬픔에 빠진 유가족들이 고인을 경건히 추모하고 인사할 수 있도록 추측성 보도와 악의성 보도는 자제해 주시길 간곡히 부탁드린다. 가족들의 뜻에 따라 장례는 가족 친지들, 회사 동료들이 참석해 최대한 조용하게 치를 예정""이라고 밝혔다.
문빈의 빈소는 서울아산병원 장례식장에 마련됐다. 발인은 22일이다.

※ 우울감 등 말하기 어려운 고민이 있거나 주변에 이런 어려움을 겪는 가족·지인이 있을 경우 정신건강상담전화 1577-0199, 자살상담전화 1393, 생명의 전화 1588-9191 등에서 24시간 전문가의 상담을 받을 수 있다.","아이돌 아스트로 멤버 문빈, 강남 자택서 숨진 채 발견
 [서울=뉴스핌] 조민교 기자 = 아이돌 남성 그룹 아스트로(ASTRO) 멤버 문빈(25)이 자택에서 숨진 채 발견됐다.

20일 경찰에 따르면 문빈은 전날 오후 8시10분쯤 서울 강남구 자택에서 숨져 있었고, 이를 발견한 매니저가 경찰에 신고했다.

경찰은 문빈이 극단적 선택을 한 것으로 추정하고 정확한 사망 원인을 조사 중이다.
소속사 판타지오는 입장문을 통해 ""비통하고 가슴 아픈 소식을 전하게 되어 죄송하다는 말씀 먼저 드린다. 아스트로 멤버 문빈이 갑작스럽게 우리의 곁을 떠나 하늘의 별이 되었다""라며 ""갑작스러운 비보에 큰 슬픔에 빠진 유가족들이 고인을 경건히 추모하고 인사할 수 있도록 추측성 보도와 악의성 보도는 자제해 주시길 간곡히 부탁드린다. 가족들의 뜻에 따라 장례는 가족 친지들, 회사 동료들이 참석해 최대한 조용하게 치를 예정""이라고 밝혔다.
문빈의 빈소는 서울아산병원 장례식장에 마련됐다. 발인은 22일이다.

※ 우울감 등 말하기 어려운 고민이 있거나 주변에 이런 어려움을 겪는 가족·지인이 있을 경우 정신건강상담전화 1577-0199, 자살상담전화 1393, 생명의 전화 1588-9191 등에서 24시간 전문가의 상담을 받을 수 있다.",2,4,3,3,"기사는 고인의 죽음을 객관적 사실로 다루되, 극단적 선택에 대한 언급이 있으며, 자살 방법이나 동기는 언급하지 않고, 예방 정보를 제공하며, 유가족의 사생활을 존중한 보도를 하였다."
7,자살,"군산 공군부대 숙소서 부사관 숨진 채 발견, 조사 중","군산에 있는 한 공군부대 숙소에서 부사관이 숨진 채 발견돼 군 군 경찰과 전북경찰이 수사에 나섰다.
31일 전북경찰청 등에 따르면 이날 오전 공군 한 부대 내 부사관숙소에서 동료들에 의해 숨진 A씨가 발견됐다.
당시 동료들은 그가 출근하지 않자 숙소를 방문했다가 이 같은 상황을 목격한 것으로 전해졌다.
현장에는 유서도 함께 발견된 것으로 파악됐다.
경찰 관계자는 “군 경찰과 함께 조사를 진행 중이다”며 “현재까지는 타살 혐의점을 찾아볼 수 없지만 다방면으로 조사할 예정이다”고 말했다.
※ 우울감 등 말하기 어려운 고민이 있거나 주변에 이런 어려움을 겪는 가족ㆍ지인이 있을경우 자살 예방 핫라인 ☎1577-0199, 희망의 전화 ☎129, 생명의 전화 ☎1588-9191, 청소년 전화 ☎1388 등에서 24시간 전문가의 상담을 받을 수 있습니다.
김슬기 기자","군산 공군부대 숙소서 부사관 숨진 채 발견, 조사 중
 군산에 있는 한 공군부대 숙소에서 부사관이 숨진 채 발견돼 군 군 경찰과 전북경찰이 수사에 나섰다.
31일 전북경찰청 등에 따르면 이날 오전 공군 한 부대 내 부사관숙소에서 동료들에 의해 숨진 A씨가 발견됐다.
당시 동료들은 그가 출근하지 않자 숙소를 방문했다가 이 같은 상황을 목격한 것으로 전해졌다.
현장에는 유서도 함께 발견된 것으로 파악됐다.
경찰 관계자는 “군 경찰과 함께 조사를 진행 중이다”며 “현재까지는 타살 혐의점을 찾아볼 수 없지만 다방면으로 조사할 예정이다”고 말했다.
※ 우울감 등 말하기 어려운 고민이 있거나 주변에 이런 어려움을 겪는 가족ㆍ지인이 있을경우 자살 예방 핫라인 ☎1577-0199, 희망의 전화 ☎129, 생명의 전화 ☎1588-9191, 청소년 전화 ☎1388 등에서 24시간 전문가의 상담을 받을 수 있습니다.
김슬기 기자",3,3,3,3,"기사는 자살에 대한 구체적이고 민감한 정보를 배제하고 객관적 사실을 중심으로 보도했으며, 자살 예방 정보를 제공하고, 유서와 관련된 구체적 내용이나 유가족의 사생활을 존중하는 방식으로 작성되었다."
8,자살,연예계 또 한번의 안타까운 비보…절친 설리에게로 간 구하라,"걸그룹 카라 출신 구하라 자택서 숨진 채 발견

사망 하루 전 SNS에 “잘 자” 인사
평소 악성댓글 고통·우울증약 복용
경찰 “현장감식 통해 사인 조사중”


걸그룹 카라 출신 가수 구하라(28)가 24일 숨진 채 발견돼 충격을 주고 있다. 10월14일 가수 겸 연기자 설리가 25년의 짧은 생을 마감한 뒤 42일 만에 전해진 또 다른 스타의 안타까운 소식에 팬들과 연예관계자들은 슬픔을 감추지 못하고 있다.

서울 강남경찰서에 따르면 이날 오후 6시께 구하라가 서울 강남구 청담동 자택에서 숨져 있는 것을 지인이 발견해 경찰에 신고했다. 경찰은 이날 밤 “정확한 사인 등 자세한 사건 경위를 밝히기 위해 현장을 감식 중”이라고 밝혔다. 경찰은 구하라가 극단적 선택을 했을 개연성도 염두에 두고 조사를 벌이고 있다.
구하라는 하루 전인 23일 자신의 SNS를 통해 “잘 자”라는 인사와 함께 침대에 누워있는 사진을 공개했다. 구하라의 한 측근은 이날 “지난해부터 여러 가지 일로 마음고생을 많이 했다”면서 “악성 댓글로 인한 심리적 고통과 자괴감 등으로 우울증 약을 복용해왔다”고 밝혔다. 이어 “그런 아픔 속에서도 최근 활동을 재개하면서 마음을 다잡고 예전처럼 잘 지내려 노력해왔다”고 말했다. 이 측근은 “자신을 걱정해주는 주위 사람들을 더 걱정하고 배려해 일상에 큰 문제가 없어 보였는데 너무 충격적이다”며 비통한 심경을 드러냈다.

앞서 구하라는 지난해 9월 전 남자친구와 폭행 시비로 법적 다툼을 벌이며 연예활동을 잠정 중단했다. 올해 5월에는 자택에서 극단적 선택을 시도한 뒤 의식을 잃은 상태로 발견돼 병원으로 이송되기도 했다.
구하라의 측근들은 이후 그의 주변을 살피며 예의주시해온 것으로 알려졌다. 특히 최근 여동생처럼 아끼며 평소 절친하게 지냈던 설리가 세상을 떠나면서 더욱 신경을 기울였지만 결국 구하라는 세상을 떠나고 말았다. 이 측근은 “연락하는 사람도 한정되어 있어 더욱 신경 쓸 수밖에 없었다. 혼자 있게 두지 않으려 여러 사람이 살펴왔는데…”라며 말을 잇지 못했다.

구하라는 9월 모든 악재를 뒤로 하고 일본에서 활동을 재개하기 위해 현지 매니지먼트사와 전속계약을 체결하고 13일 솔로 데뷔 싱글 ‘미드나이트 퀸’을 발표했다. 다음날부터 후쿠오카, 오사카, 나고야, 도쿄 등 투어를 돌며 팬들과 만났다. 19일 일본 활동을 마치고 돌아온 그의 마지막 무대는 23일 현지 방송된 CX채널의 음악정보프로그램 ‘튠(Tune)’이었다.

구하라는 2008년 그룹 카라의 멤버로 합류해 ‘록 유’ ‘굿데이’ ‘프리티 걸’ 등 히트곡을 남겼다. 2015년 솔로로 데뷔한 그는 SBS 드라마 ‘시티헌터’를 통해 연기자로도 활동했다.
이정연 기자 annjoy@donga.com","연예계 또 한번의 안타까운 비보…절친 설리에게로 간 구하라
걸그룹 카라 출신 구하라 자택서 숨진 채 발견

사망 하루 전 SNS에 “잘 자” 인사
평소 악성댓글 고통·우울증약 복용
경찰 “현장감식 통해 사인 조사중”


걸그룹 카라 출신 가수 구하라(28)가 24일 숨진 채 발견돼 충격을 주고 있다. 10월14일 가수 겸 연기자 설리가 25년의 짧은 생을 마감한 뒤 42일 만에 전해진 또 다른 스타의 안타까운 소식에 팬들과 연예관계자들은 슬픔을 감추지 못하고 있다.

서울 강남경찰서에 따르면 이날 오후 6시께 구하라가 서울 강남구 청담동 자택에서 숨져 있는 것을 지인이 발견해 경찰에 신고했다. 경찰은 이날 밤 “정확한 사인 등 자세한 사건 경위를 밝히기 위해 현장을 감식 중”이라고 밝혔다. 경찰은 구하라가 극단적 선택을 했을 개연성도 염두에 두고 조사를 벌이고 있다.
구하라는 하루 전인 23일 자신의 SNS를 통해 “잘 자”라는 인사와 함께 침대에 누워있는 사진을 공개했다. 구하라의 한 측근은 이날 “지난해부터 여러 가지 일로 마음고생을 많이 했다”면서 “악성 댓글로 인한 심리적 고통과 자괴감 등으로 우울증 약을 복용해왔다”고 밝혔다. 이어 “그런 아픔 속에서도 최근 활동을 재개하면서 마음을 다잡고 예전처럼 잘 지내려 노력해왔다”고 말했다. 이 측근은 “자신을 걱정해주는 주위 사람들을 더 걱정하고 배려해 일상에 큰 문제가 없어 보였는데 너무 충격적이다”며 비통한 심경을 드러냈다.

앞서 구하라는 지난해 9월 전 남자친구와 폭행 시비로 법적 다툼을 벌이며 연예활동을 잠정 중단했다. 올해 5월에는 자택에서 극단적 선택을 시도한 뒤 의식을 잃은 상태로 발견돼 병원으로 이송되기도 했다.
구하라의 측근들은 이후 그의 주변을 살피며 예의주시해온 것으로 알려졌다. 특히 최근 여동생처럼 아끼며 평소 절친하게 지냈던 설리가 세상을 떠나면서 더욱 신경을 기울였지만 결국 구하라는 세상을 떠나고 말았다. 이 측근은 “연락하는 사람도 한정되어 있어 더욱 신경 쓸 수밖에 없었다. 혼자 있게 두지 않으려 여러 사람이 살펴왔는데…”라며 말을 잇지 못했다.

구하라는 9월 모든 악재를 뒤로 하고 일본에서 활동을 재개하기 위해 현지 매니지먼트사와 전속계약을 체결하고 13일 솔로 데뷔 싱글 ‘미드나이트 퀸’을 발표했다. 다음날부터 후쿠오카, 오사카, 나고야, 도쿄 등 투어를 돌며 팬들과 만났다. 19일 일본 활동을 마치고 돌아온 그의 마지막 무대는 23일 현지 방송된 CX채널의 음악정보프로그램 ‘튠(Tune)’이었다.

구하라는 2008년 그룹 카라의 멤버로 합류해 ‘록 유’ ‘굿데이’ ‘프리티 걸’ 등 히트곡을 남겼다. 2015년 솔로로 데뷔한 그는 SBS 드라마 ‘시티헌터’를 통해 연기자로도 활동했다.
이정연 기자 annjoy@donga.com",2,3,2,2,"기사는 자살 관련 직접적 언급은 피했지만, 극단적 선택의 가능성을 언급하고 고인의 과거 극단적 선택 시도를 언급했으며, 자살 예방 정보는 제공하지 않았고, 고인의 사생활은 언급했지만 유가족에 대한 사생활 침해는 없었다."
9,자살,"박지선, 생전 호소한 '햇빛 알레르기'..""피부 얘기 나오면 운다"" ","[이데일리 박지혜 기자] 고(故) 개그우먼 박지선이 지병으로 앓고 있었다는 햇빛 알레르기에 대한 관심이 높아지고 있다.

박지선은 2012년 한겨레와의 인터뷰에서 피부 질환에 대해 털어놓으며 눈물을 보이기도 했다고.

당시 박지선은 2010년 한국방송 연예대상에서 수상 소감으로 “오늘도 생얼인데, 얼굴 이상하지 않냐?”고 말한 이유에 대해 “생얼은 자신감이 아니라 피부 때문”이라고 밝혔다.

그는 “고2 겨울방학 때 피부과에서 여드름 진단을 받았다. 공부할 시간을 뺏기고 싶지 않아 피부를 단기간에 여러 번 벗겨 내는 시술을 했는데 그때 피부가 완전히 뒤집어졌다. 여드름치고는 너무 가려웠던 걸 보면 오진이었던 것 같다. 아프고 붓고 진물 나서 휴학을 해야 할 지경이었다”고 말했다.

이어 “휴학기록이 남으면 인생에 불리하다는 선생님의 조언으로 아침에 잠깐 학교에 나갔다가 매일 조퇴하는 생활을 6개월 했다. 공부는 친구들 노트로 했다. 잠을 잘 때도 긁으면 피가 나니까 손발을 운동화 끈으로 묶고 잤다”며 “공기 좋은 곳에서 쉬니까 외관상으로는 좋아졌지만 그때 이후론 스킨로션도 못 바른다. 보호막이 없는 피부랄까”라고 토로하기도 했다.
박지선은 대학 때 피부 질환이 재발, 악화돼 결국 1년의 휴학 기간을 가진 것으로 전해졌다.
그는 약점을 극복하고 연예인이 되기로 결심하게 된 계기로 “아프고 난 다음부터는 다시 태어나서 덤으로 얻은 삶이라 생각한다. 부모님도 그렇게 생각한다. 사범대를 다니던 제가 개그맨을 하겠다고 했을 때 부모님이 반대하지 않으신 것도 그런 경험 때문이었을 거다. 집 밖에도 못 나가던 애가 텔레비전에 나온다고 하니 마냥 좋으셨던 거다”라고 말했다.

박지선은 “제가 피부 이야기만 나오면 우는데, 친구라면 죽고 못 살던 애가 이름도 모르는 피부병에 걸려서”라며 눈물을 보이기도 했다고.

그러면서 “제가 얘기한 적이 없어서 친구들은 왜 휴학했는지도 몰랐다. 햇빛 알레르기도 있었지만 양산을 쓰고 다니면서 숨겼다. 일부러 트레이닝복에 레이스 양산을 쓰고 다녀서 친구들을 웃기곤 했다”며 “그런데 개그맨 되면서 계속 숨기고 살 수가 없었다. 분장을 안 하면 게으르고 나태한 애처럼 보이니까”라고 고충을 털어놨다.

햇빛 알레르기는 태양광선에 노출된 후 피부 가려움이나 발진이 나타나는 질환으로, 정확한 원인은 밝혀지지 않았다. 2001년 헬무트 콜 전 독일 총리 부인 한나로네 여사도 햇빛 알레르기로 인한 우울증으로 스스로 극단적인 선택을 한 것으로 알려졌다.

박지선은 오랜 기간 앓던 질환이 최근 악화하면서 고통을 겪었던 것으로 알려졌다. 박지선의 모친은 박지선과 함께 지내왔던 것으로 전해졌다.

박지선은 전날 오후 1시 44분께 서울 마포구 자택에서 모친과 함께 숨진 채 발견됐다. 서울 마포경찰서는 유족 의사를 존중해 박지선의 부검을 실시하지 않기로 했다.

경찰 관계자는 3일 “외부침입 흔적이 없고 유서성 메모가 발견된 점 등으로 보아 범죄 혐의점은 없는 것으로 보인다”며 이같이 밝혔다.

경찰은 통신수사 등을 통해 사망경위를 계속 조사할 예정이다.
두 사람의 빈소는 이대목동병원 장례식장에 차려졌다.

※ 우울감 등 말하기 어려운 고민이 있거나 주변에 이런 어려움을 겪는 가족·지인이 있을 경우 자살 예방 핫라인 ☎1577~0199, 희망의 전화 ☎129, 생명의 전화 ☎1588~9191, 청소년 전화 ☎1388 등에서 24시간 전문가의 상담을 받을 수 있습니다","박지선, 생전 호소한 '햇빛 알레르기'..""피부 얘기 나오면 운다"" [이데일리 박지혜 기자] 고(故) 개그우먼 박지선이 지병으로 앓고 있었다는 햇빛 알레르기에 대한 관심이 높아지고 있다.

박지선은 2012년 한겨레와의 인터뷰에서 피부 질환에 대해 털어놓으며 눈물을 보이기도 했다고.

당시 박지선은 2010년 한국방송 연예대상에서 수상 소감으로 “오늘도 생얼인데, 얼굴 이상하지 않냐?”고 말한 이유에 대해 “생얼은 자신감이 아니라 피부 때문”이라고 밝혔다.

그는 “고2 겨울방학 때 피부과에서 여드름 진단을 받았다. 공부할 시간을 뺏기고 싶지 않아 피부를 단기간에 여러 번 벗겨 내는 시술을 했는데 그때 피부가 완전히 뒤집어졌다. 여드름치고는 너무 가려웠던 걸 보면 오진이었던 것 같다. 아프고 붓고 진물 나서 휴학을 해야 할 지경이었다”고 말했다.

이어 “휴학기록이 남으면 인생에 불리하다는 선생님의 조언으로 아침에 잠깐 학교에 나갔다가 매일 조퇴하는 생활을 6개월 했다. 공부는 친구들 노트로 했다. 잠을 잘 때도 긁으면 피가 나니까 손발을 운동화 끈으로 묶고 잤다”며 “공기 좋은 곳에서 쉬니까 외관상으로는 좋아졌지만 그때 이후론 스킨로션도 못 바른다. 보호막이 없는 피부랄까”라고 토로하기도 했다.
박지선은 대학 때 피부 질환이 재발, 악화돼 결국 1년의 휴학 기간을 가진 것으로 전해졌다.
그는 약점을 극복하고 연예인이 되기로 결심하게 된 계기로 “아프고 난 다음부터는 다시 태어나서 덤으로 얻은 삶이라 생각한다. 부모님도 그렇게 생각한다. 사범대를 다니던 제가 개그맨을 하겠다고 했을 때 부모님이 반대하지 않으신 것도 그런 경험 때문이었을 거다. 집 밖에도 못 나가던 애가 텔레비전에 나온다고 하니 마냥 좋으셨던 거다”라고 말했다.

박지선은 “제가 피부 이야기만 나오면 우는데, 친구라면 죽고 못 살던 애가 이름도 모르는 피부병에 걸려서”라며 눈물을 보이기도 했다고.

그러면서 “제가 얘기한 적이 없어서 친구들은 왜 휴학했는지도 몰랐다. 햇빛 알레르기도 있었지만 양산을 쓰고 다니면서 숨겼다. 일부러 트레이닝복에 레이스 양산을 쓰고 다녀서 친구들을 웃기곤 했다”며 “그런데 개그맨 되면서 계속 숨기고 살 수가 없었다. 분장을 안 하면 게으르고 나태한 애처럼 보이니까”라고 고충을 털어놨다.

햇빛 알레르기는 태양광선에 노출된 후 피부 가려움이나 발진이 나타나는 질환으로, 정확한 원인은 밝혀지지 않았다. 2001년 헬무트 콜 전 독일 총리 부인 한나로네 여사도 햇빛 알레르기로 인한 우울증으로 스스로 극단적인 선택을 한 것으로 알려졌다.

박지선은 오랜 기간 앓던 질환이 최근 악화하면서 고통을 겪었던 것으로 알려졌다. 박지선의 모친은 박지선과 함께 지내왔던 것으로 전해졌다.

박지선은 전날 오후 1시 44분께 서울 마포구 자택에서 모친과 함께 숨진 채 발견됐다. 서울 마포경찰서는 유족 의사를 존중해 박지선의 부검을 실시하지 않기로 했다.

경찰 관계자는 3일 “외부침입 흔적이 없고 유서성 메모가 발견된 점 등으로 보아 범죄 혐의점은 없는 것으로 보인다”며 이같이 밝혔다.

경찰은 통신수사 등을 통해 사망경위를 계속 조사할 예정이다.
두 사람의 빈소는 이대목동병원 장례식장에 차려졌다.

※ 우울감 등 말하기 어려운 고민이 있거나 주변에 이런 어려움을 겪는 가족·지인이 있을 경우 자살 예방 핫라인 ☎1577~0199, 희망의 전화 ☎129, 생명의 전화 ☎1588~9191, 청소년 전화 ☎1388 등에서 24시간 전문가의 상담을 받을 수 있습니다",3,4,3,3,"기사는 자살과 관련된 감정적이고 선정적인 언어 사용을 피하면서 사망 사실에 초점을 맞추고, 자살 방법이나 동기에 대한 언급 없이 유가족의 사생활을 존중하고 예방 정보를 제공하여 고인을 예우하고 있습니다."
10,자살," ‘샤이니’ 멤버 종현, 청담동 레지던스서 숨진 채 발견 "," 숨지기 이틀전 “우울증으로 힘들다”
누나 “자살할 것 같다” 경찰 신고
인기 아이돌 그룹 ‘샤이니’의 멤버 종현(본명 김종현·27·사진)이 18일 숨진 채 발견됐다.

서울 강남경찰서에 따르면 이날 오후 6시 10분경 강남구 청담동의 한 레지던스(호텔식 서비스를 제공하는 주거시설)에서 출동한 경찰이 쓰러져 있는 종현을 발견했다. 앞서 종현의 누나는 이날 오후 4시 42분경 “동생이 자살할 것 같다”며 신고했다. 발견 당시 종현은 심정지 상태였고 건국대병원으로 옮겨졌으나 오후 6시 32분 사망했다.

경찰에 따르면 종현은 이날 낮 12시경 레지던스에 입실했다. 그는 2박 3일간 숙박하기로 예약했다. 현장에서 유서는 발견되지 않았다. 하지만 숨지기 전 종현은 자신의 누나에게 “나를 보내 달라. (내가) 고생했다고 말해 달라. 마지막 인사다”라는 내용의 카카오톡 메시지를 보냈다. 특히 숨지기 이틀 전 “우울증으로 힘들다”는 내용이 담긴 장문의 메시지를 누나에게 보낸 것으로 전해졌다.
종현은 2005년 청소년가요제 수상 후 SM엔터테인먼트에 발탁돼 2008년 5월 그룹 샤이니의 멤버로 데뷔했다. 샤이니는 지난해까지 정규 앨범 5장을 발매하며 ‘누난 너무 예뻐’ ‘산소 같은 너’ ‘셜록(Sherlock)’ 등 여러 히트곡을 남겼다. 해외에도 많은 팬이 있는 대표적인 케이팝 스타 중 한 명이다.

2년 전부터 솔로 콘서트를 시작한 그는 사망 직전까지 왕성한 활동을 벌였다. 종현은 9일 서울 송파구 올림픽핸드볼경기장에서 이틀간 열린 단독 콘서트도 성황리에 마쳤다. 2014년부터 올 4월까지 한 방송사의 심야 라디오 DJ로 활동하기도 했다.

종현은 최근까지 새로운 솔로 신곡을 준비하며 뮤직비디오까지 촬영했던 것으로 알려져 가요 관계자와 팬들은 큰 충격에 빠졌다.
종현의 소속사인 SM엔터테인먼트 측 관계자는 “자세한 사인과 상황은 확인 중”이라고 말했다.

최지선 aurinko@donga.com·황성호 기자 "," ‘샤이니’ 멤버 종현, 청담동 레지던스서 숨진 채 발견 숨지기 이틀전 “우울증으로 힘들다”
누나 “자살할 것 같다” 경찰 신고
인기 아이돌 그룹 ‘샤이니’의 멤버 종현(본명 김종현·27·사진)이 18일 숨진 채 발견됐다.

서울 강남경찰서에 따르면 이날 오후 6시 10분경 강남구 청담동의 한 레지던스(호텔식 서비스를 제공하는 주거시설)에서 출동한 경찰이 쓰러져 있는 종현을 발견했다. 앞서 종현의 누나는 이날 오후 4시 42분경 “동생이 자살할 것 같다”며 신고했다. 발견 당시 종현은 심정지 상태였고 건국대병원으로 옮겨졌으나 오후 6시 32분 사망했다.

경찰에 따르면 종현은 이날 낮 12시경 레지던스에 입실했다. 그는 2박 3일간 숙박하기로 예약했다. 현장에서 유서는 발견되지 않았다. 하지만 숨지기 전 종현은 자신의 누나에게 “나를 보내 달라. (내가) 고생했다고 말해 달라. 마지막 인사다”라는 내용의 카카오톡 메시지를 보냈다. 특히 숨지기 이틀 전 “우울증으로 힘들다”는 내용이 담긴 장문의 메시지를 누나에게 보낸 것으로 전해졌다.
종현은 2005년 청소년가요제 수상 후 SM엔터테인먼트에 발탁돼 2008년 5월 그룹 샤이니의 멤버로 데뷔했다. 샤이니는 지난해까지 정규 앨범 5장을 발매하며 ‘누난 너무 예뻐’ ‘산소 같은 너’ ‘셜록(Sherlock)’ 등 여러 히트곡을 남겼다. 해외에도 많은 팬이 있는 대표적인 케이팝 스타 중 한 명이다.

2년 전부터 솔로 콘서트를 시작한 그는 사망 직전까지 왕성한 활동을 벌였다. 종현은 9일 서울 송파구 올림픽핸드볼경기장에서 이틀간 열린 단독 콘서트도 성황리에 마쳤다. 2014년부터 올 4월까지 한 방송사의 심야 라디오 DJ로 활동하기도 했다.

종현은 최근까지 새로운 솔로 신곡을 준비하며 뮤직비디오까지 촬영했던 것으로 알려져 가요 관계자와 팬들은 큰 충격에 빠졌다.
종현의 소속사인 SM엔터테인먼트 측 관계자는 “자세한 사인과 상황은 확인 중”이라고 말했다.

최지선 aurinko@donga.com·황성호 기자",3,4,2,3,"기사는 사망 사실을 직접적이고 자극적이지 않게 전달하며, 자살 방법이나 자세한 사생활을 다루지 않고, 자살 예방 정보는 빠져 있으나 자살을 미화하거나 합리화하지 않았고, 고인과 유가족의 사생활을 대체로 존중했습니다."
11,자살, 도서관 화장실서 숨진 채 발견된 서울대 대학원생…“학업 힘들다” ," 서울대학교의 한 대학원생이 학업에 대한 부담감을 이유로 교내에서 극단 선택한 채 발견됐다.

14일 경찰에 따르면, 서울 관악경찰서는 전날 숨진 채 발견된 20대 서울대 대학원생 A씨의 사망 경위를 조사하고 있다.

A씨는 전날인 13일 오후 5시40분쯤 서울 관악구 중앙도서관 화장실에서 사망한 채 발견됐다. A씨를 처음 발견한 건 도서관을 이용하던 같은 학교 재학생인 것으로 전해진다.

경찰은 A씨가 ‘공부가 힘들다’는 취지의 유서를 남긴 점 등에 근거해 그가 극단선택한 것으로 판단하고 있다. 향후 A씨 유족 등을 상대로 정확한 사망 원인을 조사해갈 방침이다.

※ 우울감 등 말하기 어려운 고민이 있거나 주변에 이런 어려움을 겪는 가족·지인이 있을 경우 자살 예방 핫라인 ☎1577-0199, 희망의 전화 ☎129, 생명의 전화 ☎1588-9191, 청소년 전화 ☎1388 등에서 24시간 전문가의 상담을 받을 수 있습니다.

출처 : 시사저널(http://www.sisajournal.com) "," 도서관 화장실서 숨진 채 발견된 서울대 대학원생…“학업 힘들다” 서울대학교의 한 대학원생이 학업에 대한 부담감을 이유로 교내에서 극단 선택한 채 발견됐다.

14일 경찰에 따르면, 서울 관악경찰서는 전날 숨진 채 발견된 20대 서울대 대학원생 A씨의 사망 경위를 조사하고 있다.

A씨는 전날인 13일 오후 5시40분쯤 서울 관악구 중앙도서관 화장실에서 사망한 채 발견됐다. A씨를 처음 발견한 건 도서관을 이용하던 같은 학교 재학생인 것으로 전해진다.

경찰은 A씨가 ‘공부가 힘들다’는 취지의 유서를 남긴 점 등에 근거해 그가 극단선택한 것으로 판단하고 있다. 향후 A씨 유족 등을 상대로 정확한 사망 원인을 조사해갈 방침이다.

※ 우울감 등 말하기 어려운 고민이 있거나 주변에 이런 어려움을 겪는 가족·지인이 있을 경우 자살 예방 핫라인 ☎1577-0199, 희망의 전화 ☎129, 생명의 전화 ☎1588-9191, 청소년 전화 ☎1388 등에서 24시간 전문가의 상담을 받을 수 있습니다.

출처 : 시사저널(http://www.sisajournal.com)",1,2,3,3,"기사가 ‘극단적 선택’이라는 용어를 사용하고, 동기와 장소를 언급하며, 자살 예방 정보를 제공하고, 고인과 유가족의 사생활을 존중하였습니다."
12,자살,"억대 빚 상속받고 생활고 시달리던 모녀, 극단적 선택"," 광주 도심의 한 아파트 화단에서 모녀가 숨진 채 발견됐다.

모녀는 4년 전 가족의 사망으로 억대 빚을 상속받고 생활고에 시달려온 것으로 알려졌다.

16일 광주 북부경찰서에 따르면 이날 오전 5시37분께 북구 연제동 한 아파트 단지 화단에서 A(52·여)씨와 노모 B(81)씨가 숨진 채 발견됐다.
모녀의 17층 자택에서는 A씨가 남긴 유서와 현금 800만원, 아파트 관리비 명목의 40만원이 든 봉투가 발견됐다.

유서에는 '빚이 너무 많아 힘들다. 신세만 지고 떠나서 미안하다. 옷장에 돈을 남기고 가니 장례를 치러달라'는 내용이 담겨있었던 것으로 전해졌다.

모녀는 지난 2019년 A씨의 아버지가 사망하자 3억원 가량의 빚을 상속받게 됐는데 상속포기 절차를 뒤늦게 알게 돼 빚을 떠안게 된 것으로 알려졌다.

또 모녀는 기초생활 수급자가 아니었으며 A씨는 공기업에 재직 중이었고 B씨는 국민연금 등으로 매달 100여만원을 받았지만 막대한 빚을 갚는데 어려움을 겪다 최근 친지들에게 돈을 빌렸던 것으로 전해졌다.

유족은 경찰에 ""빚이 많아 경제적 어려움을 겪고 있었다. 최근에도 생활비를 보내줬다""는 내용의 진술을 하기도 했다.

경찰은 자택 내 창문이 열려 있던 점 등으로 미뤄 모녀가 극단적 선택을 한 것으로 보고 유족들을 상대로 정확한 사망 경위를 조사하고 있다.

강승희기자 wlog@mdilbo.com ","억대 빚 상속받고 생활고 시달리던 모녀, 극단적 선택 광주 도심의 한 아파트 화단에서 모녀가 숨진 채 발견됐다.

모녀는 4년 전 가족의 사망으로 억대 빚을 상속받고 생활고에 시달려온 것으로 알려졌다.

16일 광주 북부경찰서에 따르면 이날 오전 5시37분께 북구 연제동 한 아파트 단지 화단에서 A(52·여)씨와 노모 B(81)씨가 숨진 채 발견됐다.
모녀의 17층 자택에서는 A씨가 남긴 유서와 현금 800만원, 아파트 관리비 명목의 40만원이 든 봉투가 발견됐다.

유서에는 '빚이 너무 많아 힘들다. 신세만 지고 떠나서 미안하다. 옷장에 돈을 남기고 가니 장례를 치러달라'는 내용이 담겨있었던 것으로 전해졌다.

모녀는 지난 2019년 A씨의 아버지가 사망하자 3억원 가량의 빚을 상속받게 됐는데 상속포기 절차를 뒤늦게 알게 돼 빚을 떠안게 된 것으로 알려졌다.

또 모녀는 기초생활 수급자가 아니었으며 A씨는 공기업에 재직 중이었고 B씨는 국민연금 등으로 매달 100여만원을 받았지만 막대한 빚을 갚는데 어려움을 겪다 최근 친지들에게 돈을 빌렸던 것으로 전해졌다.

유족은 경찰에 ""빚이 많아 경제적 어려움을 겪고 있었다. 최근에도 생활비를 보내줬다""는 내용의 진술을 하기도 했다.

경찰은 자택 내 창문이 열려 있던 점 등으로 미뤄 모녀가 극단적 선택을 한 것으로 보고 유족들을 상대로 정확한 사망 경위를 조사하고 있다.

강승희기자 wlog@mdilbo.com",1,2,2,2,"기사가 ‘극단적 선택’을 언급하고, 자살 동기와 장소를 부분적으로 언급하며, 자살 예방 정보를 제공하지 않고, 유서 내용을 부분적으로 인용하면서도 유족의 사생활을 상대적으로 존중했습니다."
13,자살, 성폭행 고소 113일만에 구속영장…그 사이 두 여중생 극단선택 ," 청주 여중생 성폭행 사건 수사보고서 공개…유족, 늑장·부실 수사 성토
""제때 제대로 수사해 가해자·피해자 분리했더라면 살았을 아이들을…""
(청주=연합뉴스) 천경환 기자 = 계부가 여중생인 의붓딸과 그의 친구를 성폭행해 이들 두 여중생을 극단 선택으로 내몬 사건과 관련한 경찰 수사 보고서가 처음으로 공개됐다.

두 여중생은 성폭행 고소장이 접수된 후 경찰의 부실한 수사와 검찰의 거듭된 영장 반려로 수사가 4개월 가량 지연되는 사이 비극적인 선택을 한 것으로 드러났다.

여중생 유족들은 수사당국의 부실·늑장 수사를 성토하며 억울함을 호소했다.
피해 여중생 중 한명인 A양 유족이 1일 청주지검으로부터 받은 경찰 수사 보고서에 따르면 사건 발생 당시 청주 청원경찰서는 3차례에 걸쳐 성폭행 가해자 계부에 대해 영장을 신청했으나 검찰은 보완 수사가 필요하다며 모두 반려했다.
경찰은 2021년 3월 10일 처음으로 피의자에 대한 체포영장을 신청했다.

A양 유족이 같은 해 2월 1일 피해를 호소하며 경찰에 고소장을 접수한 지 한 달여 만이다.

그러나 검찰은 계부가 경찰에 출석해 조사를 한차례 받은 점으로 미뤄 도주 우려 등이 없다면서 이를 기각했다.

8일 뒤 경찰은 다시 사전구속영장을 신청했지만, 검찰은 다음 날 ""피해자 진술 내용과 조사 과정을 녹화하지 않는 등 절차대로 조사가 이뤄지지 않았다""며 ""피해자가 지인들과 이 사건에 대하여 주고받은 문자 내용 등 객관적인 자료도 확보할 필요가 있다""며 보완 수사를 요구했다.

이로부터 두 달 가까이 지난 5월 11일 경찰이 성범죄 피해가 의심된다는 병원 진료기록부 등을 첨부했지만, 검찰은 이틀 뒤 진술 분석 등을 요구하며 재차 보강수사를 지시했다.

그러는 사이 조사를 받던 두 여중생은 같은 달 12일 세상을 등졌다.

계부에 대한 구속영장은 고소장 접수 113일 만인 5월 25일에야 발부됐다.
수사보고서를 본 A양 유족은 ""경찰이 수사를 부실하게 한 점, 검찰이 피해자 입장을 생각하지 않고 기계적으로 임해 수사가 지연된 사실이 여실히 드러났다""며 ""영장 발부로 가해자와 피해자가 신속하게 분리됐더라면 두 여중생이 그렇게 생을 마감하지 않았을 것""이라고 억울함을 호소했다.

국가를 상대로 손해배상청구 소송 중인 유족 측은 공개된 수사보고서를 증거로 제출할 예정이다.

충북경찰청은 전반적인 수사에 큰 문제는 없다면서도 수사 과정에 일부 미흡한 부분이 있었다고 인정했다.

경찰 관계자는 ""피해자 중 한명이 진술을 거부하며 경찰서 출석을 하지 않아 진술 녹화를 하지 못했다""며 ""또 피해자가 피해 사실을 부인했기 때문에 2차 가해 우려 등으로 주변인에 대한 조사를 적극적으로 하지 못했다""고 설명했다.

그러면서 ""다만 피해자가 조사받을 때 학대를 방임한 친모를 동석하게 한 점 등 수사 과정에서 일부 부적정한 부분은 뼈아프게 생각한다""고 덧붙였다.

검찰 관계자는 ""구속영장을 발부받으려면 객관적인 자료가 더 필요하다고 판단해 보완 수사를 요구했던 것""이라며 ""최대한 신속하게 피의자 신병을 확보하기 위해 경찰과 협력했었다""고 말했다.

앞서 대전고법 청주 제1행정부는 A양 유족이 청주지검을 상대로 낸 정보 부분 공개 결정 취소 소송 항소심에서 원심과 같이 수사보고서 일부를 공개할 것을 명령한 바 있다.

청주 두 여중생 성폭행 사건의 가해자 계부는 2021년 6월 청주에서 의붓딸과 그의 친구에게 성범죄를 저지른 혐의로 재판에 넘겨져 대법원에서 징역 25년을 선고받았다.

친딸이 새 남편으로부터 성폭력을 당했음에도 딸을 보호하지 않는 등 양육을 소홀히 한 친모는 징역 1년 6개월을 선고받았다.

두 피해 여중생은 경찰 수사가 진행되는 동안 청주시 오창읍의 한 아파트에서 극단적 선택을 했다.

kw@yna.co.kr "," 성폭행 고소 113일만에 구속영장…그 사이 두 여중생 극단선택 청주 여중생 성폭행 사건 수사보고서 공개…유족, 늑장·부실 수사 성토
""제때 제대로 수사해 가해자·피해자 분리했더라면 살았을 아이들을…""
(청주=연합뉴스) 천경환 기자 = 계부가 여중생인 의붓딸과 그의 친구를 성폭행해 이들 두 여중생을 극단 선택으로 내몬 사건과 관련한 경찰 수사 보고서가 처음으로 공개됐다.

두 여중생은 성폭행 고소장이 접수된 후 경찰의 부실한 수사와 검찰의 거듭된 영장 반려로 수사가 4개월 가량 지연되는 사이 비극적인 선택을 한 것으로 드러났다.

여중생 유족들은 수사당국의 부실·늑장 수사를 성토하며 억울함을 호소했다.
피해 여중생 중 한명인 A양 유족이 1일 청주지검으로부터 받은 경찰 수사 보고서에 따르면 사건 발생 당시 청주 청원경찰서는 3차례에 걸쳐 성폭행 가해자 계부에 대해 영장을 신청했으나 검찰은 보완 수사가 필요하다며 모두 반려했다.
경찰은 2021년 3월 10일 처음으로 피의자에 대한 체포영장을 신청했다.

A양 유족이 같은 해 2월 1일 피해를 호소하며 경찰에 고소장을 접수한 지 한 달여 만이다.

그러나 검찰은 계부가 경찰에 출석해 조사를 한차례 받은 점으로 미뤄 도주 우려 등이 없다면서 이를 기각했다.

8일 뒤 경찰은 다시 사전구속영장을 신청했지만, 검찰은 다음 날 ""피해자 진술 내용과 조사 과정을 녹화하지 않는 등 절차대로 조사가 이뤄지지 않았다""며 ""피해자가 지인들과 이 사건에 대하여 주고받은 문자 내용 등 객관적인 자료도 확보할 필요가 있다""며 보완 수사를 요구했다.

이로부터 두 달 가까이 지난 5월 11일 경찰이 성범죄 피해가 의심된다는 병원 진료기록부 등을 첨부했지만, 검찰은 이틀 뒤 진술 분석 등을 요구하며 재차 보강수사를 지시했다.

그러는 사이 조사를 받던 두 여중생은 같은 달 12일 세상을 등졌다.

계부에 대한 구속영장은 고소장 접수 113일 만인 5월 25일에야 발부됐다.
수사보고서를 본 A양 유족은 ""경찰이 수사를 부실하게 한 점, 검찰이 피해자 입장을 생각하지 않고 기계적으로 임해 수사가 지연된 사실이 여실히 드러났다""며 ""영장 발부로 가해자와 피해자가 신속하게 분리됐더라면 두 여중생이 그렇게 생을 마감하지 않았을 것""이라고 억울함을 호소했다.

국가를 상대로 손해배상청구 소송 중인 유족 측은 공개된 수사보고서를 증거로 제출할 예정이다.

충북경찰청은 전반적인 수사에 큰 문제는 없다면서도 수사 과정에 일부 미흡한 부분이 있었다고 인정했다.

경찰 관계자는 ""피해자 중 한명이 진술을 거부하며 경찰서 출석을 하지 않아 진술 녹화를 하지 못했다""며 ""또 피해자가 피해 사실을 부인했기 때문에 2차 가해 우려 등으로 주변인에 대한 조사를 적극적으로 하지 못했다""고 설명했다.

그러면서 ""다만 피해자가 조사받을 때 학대를 방임한 친모를 동석하게 한 점 등 수사 과정에서 일부 부적정한 부분은 뼈아프게 생각한다""고 덧붙였다.

검찰 관계자는 ""구속영장을 발부받으려면 객관적인 자료가 더 필요하다고 판단해 보완 수사를 요구했던 것""이라며 ""최대한 신속하게 피의자 신병을 확보하기 위해 경찰과 협력했었다""고 말했다.

앞서 대전고법 청주 제1행정부는 A양 유족이 청주지검을 상대로 낸 정보 부분 공개 결정 취소 소송 항소심에서 원심과 같이 수사보고서 일부를 공개할 것을 명령한 바 있다.

청주 두 여중생 성폭행 사건의 가해자 계부는 2021년 6월 청주에서 의붓딸과 그의 친구에게 성범죄를 저지른 혐의로 재판에 넘겨져 대법원에서 징역 25년을 선고받았다.

친딸이 새 남편으로부터 성폭력을 당했음에도 딸을 보호하지 않는 등 양육을 소홀히 한 친모는 징역 1년 6개월을 선고받았다.

두 피해 여중생은 경찰 수사가 진행되는 동안 청주시 오창읍의 한 아파트에서 극단적 선택을 했다.

kw@yna.co.kr",1,1,2,3,"기사는 자살 관련 용어를 직접적으로 언급하고, 자살 방법 및 동기를 상세히 기술하면서도 자살을 미화하지 않고, 유가족의 사생활을 존중하였으나 자살 예방 정보는 제공하지 않았습니다."
14,자살, 학폭 피해 폭로 유명 유튜버 숨진채 발견…극단적 선택 추정(종합) ," (부산=연합뉴스) 김선호 기자 = 학교폭력 피해를 폭로해 넷플릭스 드라마 '더 글로리'의 현실판 주인공으로 알려진 유튜버 표예림(27)씨가 숨진 채 발견됐다.

10일 낮 12시 57분께 부산 부산진구 초읍동 성지곡수원지에 사람이 빠졌다는 신고가 119에 접수됐다.

출동한 119구조대가 수중 수색해 3시간여 만에 숨진 표씨를 발견했다.

표씨는 앞서 유튜브에 '이제 그만 편해지고 싶습니다'라며 극단적 선택을 암시하는 동영상을 올렸다.
표씨는 이 동영상에서 자신이 당한 학교폭력 피해를 근거 없는 주장이라며 비난하는 이들에 대한 괴로움을 토로하며 자신의 생으로 진실을 증명하겠다고 말했다.

표씨는 앞서 유튜브 등에서 초·중·고교 12년간 동급생들로부터 괴롭힘을 당했다며 폭로해 넷플릭스 드라마 '더 글로리'의 현실판 주인공으로 알려졌다.

표씨는 이후 전국의 학교폭력 피해자와 연대하며 학교 폭력의 공소시효를 없애기 위한 노력을 해왔다.

경찰은 표씨 주변 인물 등을 상대로 정확한 경위를 조사하고 있다.
※ 우울감 등 말하기 어려운 고민이 있거나 주변에 이런 어려움을 겪는 가족·지인이 있을 경우 자살 예방 핫라인 ☎1577-0199, 희망의 전화 ☎129, 생명의 전화 ☎1588-9191, 청소년 전화 ☎1388 등에서 24시간 전문가의 상담을 받을 수 있습니다.

wink@yna.co.kr "," 학폭 피해 폭로 유명 유튜버 숨진채 발견…극단적 선택 추정(종합) (부산=연합뉴스) 김선호 기자 = 학교폭력 피해를 폭로해 넷플릭스 드라마 '더 글로리'의 현실판 주인공으로 알려진 유튜버 표예림(27)씨가 숨진 채 발견됐다.

10일 낮 12시 57분께 부산 부산진구 초읍동 성지곡수원지에 사람이 빠졌다는 신고가 119에 접수됐다.

출동한 119구조대가 수중 수색해 3시간여 만에 숨진 표씨를 발견했다.

표씨는 앞서 유튜브에 '이제 그만 편해지고 싶습니다'라며 극단적 선택을 암시하는 동영상을 올렸다.
표씨는 이 동영상에서 자신이 당한 학교폭력 피해를 근거 없는 주장이라며 비난하는 이들에 대한 괴로움을 토로하며 자신의 생으로 진실을 증명하겠다고 말했다.

표씨는 앞서 유튜브 등에서 초·중·고교 12년간 동급생들로부터 괴롭힘을 당했다며 폭로해 넷플릭스 드라마 '더 글로리'의 현실판 주인공으로 알려졌다.

표씨는 이후 전국의 학교폭력 피해자와 연대하며 학교 폭력의 공소시효를 없애기 위한 노력을 해왔다.

경찰은 표씨 주변 인물 등을 상대로 정확한 경위를 조사하고 있다.
※ 우울감 등 말하기 어려운 고민이 있거나 주변에 이런 어려움을 겪는 가족·지인이 있을 경우 자살 예방 핫라인 ☎1577-0199, 희망의 전화 ☎129, 생명의 전화 ☎1588-9191, 청소년 전화 ☎1388 등에서 24시간 전문가의 상담을 받을 수 있습니다.

wink@yna.co.kr ",2,4,3,3,"제목에는 '극단적 선택'이라는 단어 사용으로 2점, 구체적 자살 방법 등의 세부 사항 언급 없이 자살 사실만 언급하여 4점, 자살 예방 정보 제공으로 3점, 그리고 고인과 유가족의 사생활을 존중하여 3점입니다."
15,자살," 유튜버 김용호, 부산 호텔서 사망…극단 선택 추정 "," 유튜버 김용호씨가 부산의 한 호텔에서 사망한 채 발견됐다.

12일 부산 해운대경찰서에 따르면 김씨는 이날 오후 1시쯤 해운대구의 한 호텔에서 숨진 채 발견됐다. 호텔 직원이 숨진 김씨를 발견하고 소방당국과 경찰에 신고했다.

해운대서 관계자는 조선닷컴에 “극단적 선택이 추정되는 상황이지만 현재 수사를 진행 중”이라며 “자세한 상황은 추후 조사를 통해 확인할 수 있을 것으로 보인다”고 밝혔다.

김씨는 전날 강제추행 혐의 재판을 받기 위해 부산을 찾았다. 부산지법 동부지원 형사4단독 이미선 판사는 김씨에게 징역 8개월에 집행유예 2년을 선고했다. 120시간의 사회봉사와 40시간의 성폭력 치료 강의 수강도 명령했다.

김씨는 2019년 7월 부산 해운대의 한 고깃집에서 여성을 강제추행한 혐의로 재판에 넘겨졌다. 그는 “호의적인 분위기에서 가벼운 스킨십이었을 뿐 강제성은 없었다”며 혐의를 부인해 왔다.

그러나 이 판사는 “피해자의 진술이 일관된 점, 허위 사실을 꾸며내 진술한 것으로 보이지 않는 점 등을 종합해 공소사실이 인정된다”며 “사건 경위 등을 비춰보면 죄질이 좋지 않고 범행을 부인하고 있는 점 등을 고려해 양형을 결정했다”고 설명했다.
이 밖에도 김씨는 연예인을 협박해 수억원을 받아낸 혐의로 구속영장이 청구돼 영장실질심사를 앞두고 있는 상황이었다. 김씨는 2020년 8월부터 복수의 연예인을 상대로 자신의 유튜브 채널에 부정적인 내용을 공개하겠다고 협박한 뒤 이를 덮어주며 금전적인 대가를 받은 혐의를 받았다. 김씨가 피해자들에게 받아낸 금액은 수억원에 이르는 것으로 조사됐다.

김씨는 스포츠월드 기자 출신으로 유명 유튜브 채널 ‘가로세로연구소’에 출연했다. 유튜브 채널 ‘김용호연예부장’도 운영했다.
※ 우울감 등 말하기 어려운 고민이 있거나 주변에 이런 어려움을 겪는 가족ㆍ지인이 있을 경우 자살예방 상담전화 ☎1393, 정신건강 상담전화 ☎1577-0199, 희망의 전화 ☎129, 생명의 전화 ☎1588-9191, 청소년 전화 ☎1388, 청소년 모바일 상담 ‘다 들어줄 개’ 어플, 카카오톡 등에서 24시간 전문가의 상담을 받을 수 있습니다. "," 유튜버 김용호, 부산 호텔서 사망…극단 선택 추정 유튜버 김용호씨가 부산의 한 호텔에서 사망한 채 발견됐다.

12일 부산 해운대경찰서에 따르면 김씨는 이날 오후 1시쯤 해운대구의 한 호텔에서 숨진 채 발견됐다. 호텔 직원이 숨진 김씨를 발견하고 소방당국과 경찰에 신고했다.

해운대서 관계자는 조선닷컴에 “극단적 선택이 추정되는 상황이지만 현재 수사를 진행 중”이라며 “자세한 상황은 추후 조사를 통해 확인할 수 있을 것으로 보인다”고 밝혔다.

김씨는 전날 강제추행 혐의 재판을 받기 위해 부산을 찾았다. 부산지법 동부지원 형사4단독 이미선 판사는 김씨에게 징역 8개월에 집행유예 2년을 선고했다. 120시간의 사회봉사와 40시간의 성폭력 치료 강의 수강도 명령했다.

김씨는 2019년 7월 부산 해운대의 한 고깃집에서 여성을 강제추행한 혐의로 재판에 넘겨졌다. 그는 “호의적인 분위기에서 가벼운 스킨십이었을 뿐 강제성은 없었다”며 혐의를 부인해 왔다.

그러나 이 판사는 “피해자의 진술이 일관된 점, 허위 사실을 꾸며내 진술한 것으로 보이지 않는 점 등을 종합해 공소사실이 인정된다”며 “사건 경위 등을 비춰보면 죄질이 좋지 않고 범행을 부인하고 있는 점 등을 고려해 양형을 결정했다”고 설명했다.
이 밖에도 김씨는 연예인을 협박해 수억원을 받아낸 혐의로 구속영장이 청구돼 영장실질심사를 앞두고 있는 상황이었다. 김씨는 2020년 8월부터 복수의 연예인을 상대로 자신의 유튜브 채널에 부정적인 내용을 공개하겠다고 협박한 뒤 이를 덮어주며 금전적인 대가를 받은 혐의를 받았다. 김씨가 피해자들에게 받아낸 금액은 수억원에 이르는 것으로 조사됐다.

김씨는 스포츠월드 기자 출신으로 유명 유튜브 채널 ‘가로세로연구소’에 출연했다. 유튜브 채널 ‘김용호연예부장’도 운영했다.
※ 우울감 등 말하기 어려운 고민이 있거나 주변에 이런 어려움을 겪는 가족ㆍ지인이 있을 경우 자살예방 상담전화 ☎1393, 정신건강 상담전화 ☎1577-0199, 희망의 전화 ☎129, 생명의 전화 ☎1588-9191, 청소년 전화 ☎1388, 청소년 모바일 상담 ‘다 들어줄 개’ 어플, 카카오톡 등에서 24시간 전문가의 상담을 받을 수 있습니다. ",1,4,3,3,"기사 제목에 '극단 선택'이라는 표현을 사용했으나 자살 방법과 동기, 유가족의 사생활 보호를 존중하고 자살 예방 정보를 포함하였습니다."
16,자살," [단독]설리, 사망 전날 '신선식품' 주문… SNS로 '신상' 자랑도 "," 지난 14일 오후 숨진 채 발견된 배우 설리(본명 최진리·25)가 전날 '새벽배송' 업체를 통해 '신선식품'을 주문했던 것으로 보이는 정황이 포착됐다. 새벽배송은 이른 아침 가장 신선한 상태의 먹거리를 받아볼 수 있다는 점에서 1인 가구나 맞벌이 부부 사이에서 인기가 높은 신종 택배 서비스다.

설리가 사망 전날, 택배를 시켰을 것을 추정하는 이유는 14일 오후 설리의 자택 현관문 앞에서 '로OOOO' 마크가 붙은 박스가 발견됐기 때문이다. 이날 119구조대와 경찰 과학수사대(감식반)가 고인의 집에 들어갔을 때부터 현장 감식 후 시신을 병원으로 이송한 오후 8시 40분까지 이 박스는 같은 장소에 놓여져 있었다.

로OOOO는 전날 자정까지 채소나 과일, 육류 등을 주문하면 다음 날 오전 7시까지 배달해주는 새벽배송 브랜드다. 따라서 설리는 전날 저녁 무렵, 다음 날 먹을 '식품'을 미리 주문했을 가능성이 높다.

경찰은 국립과학수사연구원으로부터 ""외력이나 외압 등 타살 혐의점이 없다""는 구두 소견을 받았고, 다른 '범죄 혐의점'이 발견되지 않았다는 점에서 평소 우울증을 앓고 있던 설리가 '극단적 선택'을 했을 가능성이 높은 것으로 보고 있다.

그러나 정말 설리가 사망 직전 극도의 우울감에 시달렸다면, 내일 먹을 '아침거리'를 장만하고 죽지는 않았을 것이라는 주장도 있다. 사진 기사 등을 통해 설리 집 앞에 놓인 택배 박스를 확인한 한 네티즌은 ""우울증이 심해지면 식욕도 떨어지는 것으로 알고 있는데, 식품을 시켰다는 건 식욕이 있었다는 것이므로 설리의 우울증 증세가 심하지 않았을 수 있다""고 주장했다.

설리가 사망 전날까지 SNS 활동을 활발하게 했다는 점도 '우울증에 의한 사망설'을 의심케 하는 대목이다. 설리는 지난 13일 자신의 인스타그램에 ""그 고백 받아주겠어""라는 글과 함께 한 가방 회사로부터 받은 신상품(미니백)을 찍은 영상을 올렸다. 게시물 어디에서도 우울증 같은 어두운 그림자나 고민의 흔적은 찾아볼 수 없었다.

또 같은 날 설리는 수원 광교 부근에서 해당 브랜드의 광고 촬영까지 했다. 한 온라인 커뮤니티 게시판엔 이날 광고 촬영을 마치고 스태프들과 함께 환하게 웃고 있는 설리의 인증샷이 올라오기도 했다.

설리는 지난 14일 오후 3시 20분경 경기도 성남시 수정구 소재 자택 2층에서 숨진 채 발견됐다. 설리의 매니저 A씨는 전날 오후 6시 30분경 통화한 것을 마지막으로 설리와 연락이 되지 않자 14일 설리의 집을 방문, 방 안에서 사망한 설리를 발견한 것으로 전해졌다.

발견 당시 설리는 이미 심정지 상태였고, 사후강직이 진행 중이었던 것으로 알려졌다. 이날 신고를 받고 출동한 성남소방서 119구급대는 오후 3시 32분경 자동심장충격기(AED) 모니터링 결과, 설리의 심장이 완전히 멈춰버린 '무수축 상태'가 관찰됨에 따라 오후 3시 40분경 사건 현장을 과학수사대에 인계했다. "," [단독]설리, 사망 전날 '신선식품' 주문… SNS로 '신상' 자랑도 지난 14일 오후 숨진 채 발견된 배우 설리(본명 최진리·25)가 전날 '새벽배송' 업체를 통해 '신선식품'을 주문했던 것으로 보이는 정황이 포착됐다. 새벽배송은 이른 아침 가장 신선한 상태의 먹거리를 받아볼 수 있다는 점에서 1인 가구나 맞벌이 부부 사이에서 인기가 높은 신종 택배 서비스다.

설리가 사망 전날, 택배를 시켰을 것을 추정하는 이유는 14일 오후 설리의 자택 현관문 앞에서 '로OOOO' 마크가 붙은 박스가 발견됐기 때문이다. 이날 119구조대와 경찰 과학수사대(감식반)가 고인의 집에 들어갔을 때부터 현장 감식 후 시신을 병원으로 이송한 오후 8시 40분까지 이 박스는 같은 장소에 놓여져 있었다.

로OOOO는 전날 자정까지 채소나 과일, 육류 등을 주문하면 다음 날 오전 7시까지 배달해주는 새벽배송 브랜드다. 따라서 설리는 전날 저녁 무렵, 다음 날 먹을 '식품'을 미리 주문했을 가능성이 높다.

경찰은 국립과학수사연구원으로부터 ""외력이나 외압 등 타살 혐의점이 없다""는 구두 소견을 받았고, 다른 '범죄 혐의점'이 발견되지 않았다는 점에서 평소 우울증을 앓고 있던 설리가 '극단적 선택'을 했을 가능성이 높은 것으로 보고 있다.

그러나 정말 설리가 사망 직전 극도의 우울감에 시달렸다면, 내일 먹을 '아침거리'를 장만하고 죽지는 않았을 것이라는 주장도 있다. 사진 기사 등을 통해 설리 집 앞에 놓인 택배 박스를 확인한 한 네티즌은 ""우울증이 심해지면 식욕도 떨어지는 것으로 알고 있는데, 식품을 시켰다는 건 식욕이 있었다는 것이므로 설리의 우울증 증세가 심하지 않았을 수 있다""고 주장했다.

설리가 사망 전날까지 SNS 활동을 활발하게 했다는 점도 '우울증에 의한 사망설'을 의심케 하는 대목이다. 설리는 지난 13일 자신의 인스타그램에 ""그 고백 받아주겠어""라는 글과 함께 한 가방 회사로부터 받은 신상품(미니백)을 찍은 영상을 올렸다. 게시물 어디에서도 우울증 같은 어두운 그림자나 고민의 흔적은 찾아볼 수 없었다.

또 같은 날 설리는 수원 광교 부근에서 해당 브랜드의 광고 촬영까지 했다. 한 온라인 커뮤니티 게시판엔 이날 광고 촬영을 마치고 스태프들과 함께 환하게 웃고 있는 설리의 인증샷이 올라오기도 했다.

설리는 지난 14일 오후 3시 20분경 경기도 성남시 수정구 소재 자택 2층에서 숨진 채 발견됐다. 설리의 매니저 A씨는 전날 오후 6시 30분경 통화한 것을 마지막으로 설리와 연락이 되지 않자 14일 설리의 집을 방문, 방 안에서 사망한 설리를 발견한 것으로 전해졌다.

발견 당시 설리는 이미 심정지 상태였고, 사후강직이 진행 중이었던 것으로 알려졌다. 이날 신고를 받고 출동한 성남소방서 119구급대는 오후 3시 32분경 자동심장충격기(AED) 모니터링 결과, 설리의 심장이 완전히 멈춰버린 '무수축 상태'가 관찰됨에 따라 오후 3시 40분경 사건 현장을 과학수사대에 인계했다. ",2,2,3,3," 기사 제목에는 '극단적 선택'이라는 표현이 사용되었고, 본문에는 자살 방법이나 동기는 언급되지 않았으나 '극단적 선택'이라는 단어가 사용됐으며, 자살을 미화하거나 합리화하지 않았고, 유가족의 사생활에 대해서는 언급하지 않았습니다."
17,자살," 포인트 환전 사기 피해 20대, 마포경찰서서 극단적 선택 "," 3일 오후 서울 마포경찰서에서 진정인 조사를 받고 나온 20대 여성 A씨가 경찰서 1층 중앙정원에서 심정지 상태로 발견됐다.

 

이날 오후 5시쯤 ‘쿵 소리가 났다’는 신고를 접수해 출동한 소방 당국은 심정지 상태인 A씨에게 심폐소생술(CPR)을 한 뒤 인근 병원으로 이송했으나 A씨는 오후 6시쯤 두부 손상으로 사망했다.

 

당시 목격자는 없었으나 경찰은 과학수사대 감식 결과 A씨가 경찰서 본관 5층에서 옥상으로 올라가는 계단 사이 창문에서 극단적 선택을 한 것으로 보고 있다.

 

경찰에 따르면 A씨는 이날 오후 2시50분쯤 마포서를 찾아 포인트 환전형 사기 피해를 호소했다. 포인트 환전형 사기는 사회관계망 서비스(SNS)로 친분을 쌓은 후 돈을 뜯어내는 ‘로맨스 스캠’ 사기의 일종이다. A씨는 오후 4시55분쯤 약 30분간의 조사를 마친 후 건물 위쪽으로 올라간 것으로 파악됐다.

 

경찰 조사에서 A씨는 지난달 5일 SNS 메시지로 문제의 상대방과 처음 연락을 주고받았다고 진술했다. 상대방은 어느 정도 친분이 쌓이자 ‘일부 대가를 줄 테니 특정 사이트에 묶여있는 3000만원 상당의 포인트를 대신 찾아달라’고 요청했다. A씨는 이후 해당 사이트 상담원으로 추정되는 인물이 포인트를 찾기 위해 입금이 필요하다고 하자 이날 90만원을 입금한 것으로 알려졌다. 이후 사기 피해 사실을 깨닫고 바로 경찰서를 찾았다.

 

경찰은 A씨 사건을 맡아 이날 대면했던 조사관을 상대로도 참고인 신분으로 조사에 들어가 정확한 사건 경위를 파악하고 있다. ※ 우울감 등 말하기 어려운 고민이 있거나 주변에 이런 어려움을 겪는 가족·지인이 있을 경우 자살 예방 핫라인 ☎1577-0199, 희망의 전화 ☎129, 생명의 전화 ☎1588-9191, 청소년 전화 ☎1388 등에서 24시간 전문가의 상담을 받을 수 있습니다."," 포인트 환전 사기 피해 20대, 마포경찰서서 극단적 선택 
 3일 오후 서울 마포경찰서에서 진정인 조사를 받고 나온 20대 여성 A씨가 경찰서 1층 중앙정원에서 심정지 상태로 발견됐다.

 

이날 오후 5시쯤 ‘쿵 소리가 났다’는 신고를 접수해 출동한 소방 당국은 심정지 상태인 A씨에게 심폐소생술(CPR)을 한 뒤 인근 병원으로 이송했으나 A씨는 오후 6시쯤 두부 손상으로 사망했다.

 

당시 목격자는 없었으나 경찰은 과학수사대 감식 결과 A씨가 경찰서 본관 5층에서 옥상으로 올라가는 계단 사이 창문에서 극단적 선택을 한 것으로 보고 있다.

 

경찰에 따르면 A씨는 이날 오후 2시50분쯤 마포서를 찾아 포인트 환전형 사기 피해를 호소했다. 포인트 환전형 사기는 사회관계망 서비스(SNS)로 친분을 쌓은 후 돈을 뜯어내는 ‘로맨스 스캠’ 사기의 일종이다. A씨는 오후 4시55분쯤 약 30분간의 조사를 마친 후 건물 위쪽으로 올라간 것으로 파악됐다.

 

경찰 조사에서 A씨는 지난달 5일 SNS 메시지로 문제의 상대방과 처음 연락을 주고받았다고 진술했다. 상대방은 어느 정도 친분이 쌓이자 ‘일부 대가를 줄 테니 특정 사이트에 묶여있는 3000만원 상당의 포인트를 대신 찾아달라’고 요청했다. A씨는 이후 해당 사이트 상담원으로 추정되는 인물이 포인트를 찾기 위해 입금이 필요하다고 하자 이날 90만원을 입금한 것으로 알려졌다. 이후 사기 피해 사실을 깨닫고 바로 경찰서를 찾았다.

 

경찰은 A씨 사건을 맡아 이날 대면했던 조사관을 상대로도 참고인 신분으로 조사에 들어가 정확한 사건 경위를 파악하고 있다. ※ 우울감 등 말하기 어려운 고민이 있거나 주변에 이런 어려움을 겪는 가족·지인이 있을 경우 자살 예방 핫라인 ☎1577-0199, 희망의 전화 ☎129, 생명의 전화 ☎1588-9191, 청소년 전화 ☎1388 등에서 24시간 전문가의 상담을 받을 수 있습니다.",2,4,3,3," 제목은 극단적 선택이라는 표현을 사용했지만, 본문은 자살 방법이나 동기에 대한 구체적인 언급 없이 사건에 초점을 맞췄으며, 자살 예방 정보를 제공하고 개인의 사생활을 존중하였습니다. "
18,자살," 육군 일병 극단적 선택…경찰, 가혹행위 정황 선임병 수사 "," 전남 모 육군 부대에서 한 병사가 극단적 선택을 한 가운데 경찰이 가혹 행위 의혹이 불거진 선임병에 대한 조사를 진행하고 있습니다.


오늘(25일) 전남경찰청 강력범죄수사대에 따르면 군형법상 가혹행위 혐의를 받는 무안군 소재 육군 모 부대 소속 A 상병에 대한 조사가 진행되고 있습니다.

앞서 지난달 2일 A 상병이 소속된 무대로 전입한 지 얼마 되지 않은 B 일병이 극단적 선택을 했습니다.

수사에 나선 군사경찰은 B 일병 관련 타살 정황을 발견하지 못했습니다. 다만 A 상병이 후임 교육 관련 규정을 어겼다는 사실을 확인했습니다. 군사경찰은 근무 수칙 등을 암기케 하는 과정에서 B 일병에 대한 정서적 학대가 있었는지 여부를 따져봐야 한다고 판단했습니다.

이에 군사경찰은 지난달 27일 관련 사건을 전남경찰청으로 넘겼습니다.

경찰은 현재 부대 내 폐쇄회로(CC)TV 녹화 영상을 분석하고 장병 등을 대상으로 한 참고인 조사를 벌이고 있습니다. 경찰 관계자는 JTBC 취재진에 ""군사경찰이 이첩한 내용을 들여다보는 단계""라며 ""조사 결과를 바탕으로 A 상병을 불러 조사할 계획""이라고 했습니다. "," 육군 일병 극단적 선택…경찰, 가혹행위 정황 선임병 수사 
 전남 모 육군 부대에서 한 병사가 극단적 선택을 한 가운데 경찰이 가혹 행위 의혹이 불거진 선임병에 대한 조사를 진행하고 있습니다.


오늘(25일) 전남경찰청 강력범죄수사대에 따르면 군형법상 가혹행위 혐의를 받는 무안군 소재 육군 모 부대 소속 A 상병에 대한 조사가 진행되고 있습니다.

앞서 지난달 2일 A 상병이 소속된 무대로 전입한 지 얼마 되지 않은 B 일병이 극단적 선택을 했습니다.

수사에 나선 군사경찰은 B 일병 관련 타살 정황을 발견하지 못했습니다. 다만 A 상병이 후임 교육 관련 규정을 어겼다는 사실을 확인했습니다. 군사경찰은 근무 수칙 등을 암기케 하는 과정에서 B 일병에 대한 정서적 학대가 있었는지 여부를 따져봐야 한다고 판단했습니다.

이에 군사경찰은 지난달 27일 관련 사건을 전남경찰청으로 넘겼습니다.

경찰은 현재 부대 내 폐쇄회로(CC)TV 녹화 영상을 분석하고 장병 등을 대상으로 한 참고인 조사를 벌이고 있습니다. 경찰 관계자는 JTBC 취재진에 ""군사경찰이 이첩한 내용을 들여다보는 단계""라며 ""조사 결과를 바탕으로 A 상병을 불러 조사할 계획""이라고 했습니다.",1,4,2,3," 제목과 본문에서 '극단적 선택'이라고 언급하였으나, 자살 방법이나 예방 정보는 제공하지 않고, 고인과 유가족의 사생활을 존중하였다. "
19,자살, “타다 물러가라” 택시기사 분신 자살...대규모 집회 ," 서울 택시 기사들이 광화문 광장에서 대규모 집회를 열고 차량공유 서비스 퇴출을 주장했다.

서울 개인택시운송사업조합은 15일 오후 광화문 광장에서 ‘타다 퇴출 끝장집회’를 열고 타다 서비스 중단 촉구 집회를 진행했다. 이날 집회에는 경찰 추산 1000여명(주최 측 추산 1만명)의 택시 종사자들이 참여했다.

이들은 서울광장 인근 인도에서 타다 등 차량공유 서비스에 반대하며 분신한 개인택시 기사 안모(77)씨를 추모했다. 경찰에 따르면 안씨는 이날 새벽 3시 19분께 자신의 몸에 인화성 물질을 뿌리고 불을 붙였다. 하고 현장에는 안씨의 택시로 추정되는 차량과 ‘공유경제로 꼼수 쓰는 불법 타다 OUT’이라는 문구가 적힌 종이가 발견됐다. 안씨는 병원으로 옮겨졌지만 숨졌다.

택시 기사들은 추모사를 통해 고인은 타다 반대를 위해 헌신했다며 명복을 빈다고 밝혔다. 더불어 카카오 카풀에 이어 공유차량 서비스 타다 때문에 택시업계가 큰 타격을 입고 있다며, 현행법상 렌터카를 유상으로 여객 운송해서는 안되는데 타다는 명백한 불법이라고 주장했다.

이들은 청와대에 대책 마련을 촉구하는 호소문도 전달했으며, 2차 집회까지 마친 후 해산했다.

한편 타다는 차랑공유업체 ‘쏘카’가 지난해 10월부터 운영한 서비스이다. "," “타다 물러가라” 택시기사 분신 자살...대규모 집회 
 서울 택시 기사들이 광화문 광장에서 대규모 집회를 열고 차량공유 서비스 퇴출을 주장했다.

서울 개인택시운송사업조합은 15일 오후 광화문 광장에서 ‘타다 퇴출 끝장집회’를 열고 타다 서비스 중단 촉구 집회를 진행했다. 이날 집회에는 경찰 추산 1000여명(주최 측 추산 1만명)의 택시 종사자들이 참여했다.

이들은 서울광장 인근 인도에서 타다 등 차량공유 서비스에 반대하며 분신한 개인택시 기사 안모(77)씨를 추모했다. 경찰에 따르면 안씨는 이날 새벽 3시 19분께 자신의 몸에 인화성 물질을 뿌리고 불을 붙였다. 하고 현장에는 안씨의 택시로 추정되는 차량과 ‘공유경제로 꼼수 쓰는 불법 타다 OUT’이라는 문구가 적힌 종이가 발견됐다. 안씨는 병원으로 옮겨졌지만 숨졌다.

택시 기사들은 추모사를 통해 고인은 타다 반대를 위해 헌신했다며 명복을 빈다고 밝혔다. 더불어 카카오 카풀에 이어 공유차량 서비스 타다 때문에 택시업계가 큰 타격을 입고 있다며, 현행법상 렌터카를 유상으로 여객 운송해서는 안되는데 타다는 명백한 불법이라고 주장했다.

이들은 청와대에 대책 마련을 촉구하는 호소문도 전달했으며, 2차 집회까지 마친 후 해산했다.

한편 타다는 차랑공유업체 ‘쏘카’가 지난해 10월부터 운영한 서비스이다. ",1,1,1,2,"기사는 자살 방법, 동기, 장소, 도구를 구체적으로 언급하고, 자살을 어느 정도 미화하며, 유가족의 사생활에 대해서는 언급하지 않았기 때문에 저점수를 받았습니다."
20,자살, '우울증 갤러리'서 만난 13세 성착취 한 20대…피해자 극단 선택 ," 온라인 커뮤니티를 통해 만난 미성년자를 성착취 한 20대 남성이 1심에서 징역형을 선고받았다.

19일 서울중앙지법 형사합의26부(정진아 부장판사)는 아동·청소년 성 보호에 관한 법률 위반(성매수, 성착취물제작·배포 등) 혐의로 기소된 20대 정아무개씨에 징역 4년을 선고했다.

또한 80시간의 성폭력 치료 프로그램 이수와 아동·청소년 관련 기관 및 장애인 복지시설 취업제한 10년도 함께 명령했다.

재판부는 ""13세인 미성년자 피해자가 우울증을 앓고, 정신적으로 불안정한 상황임을 인식하면서도 성욕 해소를 위해 범죄를 저질렀다""며 ""성 착취적 태도와 강화된 의존 등 건강하지 않은 관계는 피해자를 심리적으로 더 불안하게 했을 것""이라고 밝혔다.

이어 ""피해자가 생을 마감하기 전 문자를 보면 자신에게 범행을 저지른 피고인에게 마지막으로 기대고 있는 점이 안타깝다""며 ""피고인이 소지한 성착취물 영상의 수가 적지 않고 직접 제작한 혐의 등을 볼 때 호기심과 경솔함만으로 범행을 한 것이 아니다""라고 봤다.

그러면서 ""피해자에게 미친 영향, 범행 경위를 감안하면 그 어느 사건보다 죄책이 무겁다""고 판시했다.

앞서 정씨는 온라인 커뮤니티 '디시인사이드' 내 우울증 갤러리에서 만난 10대 여학생 A양을 상대로 지난 3~4월 사이 성매수를 하고, 성 착취물을 제작·배포하는 등 성범죄를 저지른 혐의로 지난 8월 구속기소 됐다.

이후 지난 4월 A양은 서울 강남의 한 고층건물에서 소셜네트워크서비스(SNS)를 통해 극단적 선택을 하는 상황을 생중계한 뒤 뛰어내려 숨졌다.

한편, 정씨는 재판에서 자신의 혐의를 모두 인정하고, 검찰 측이 제시한 증거에 대해서도 모두 동의한다는 입장을 밝혔다.

※ 우울감 등 말하기 어려운 고민이 있거나 주변에 이런 어려움을 겪는 가족·지인이 있을 경우 자살 예방 핫라인 ☎1577-0199, 희망의 전화 ☎129, 생명의 전화 ☎1588-9191, 청소년 전화 ☎1388 등에서 24시간 전문가의 상담을 받을 수 있습니다.

문경아 디지털팀 기자 mka927@naver.com "," '우울증 갤러리'서 만난 13세 성착취 한 20대…피해자 극단 선택 
 온라인 커뮤니티를 통해 만난 미성년자를 성착취 한 20대 남성이 1심에서 징역형을 선고받았다.

19일 서울중앙지법 형사합의26부(정진아 부장판사)는 아동·청소년 성 보호에 관한 법률 위반(성매수, 성착취물제작·배포 등) 혐의로 기소된 20대 정아무개씨에 징역 4년을 선고했다.

또한 80시간의 성폭력 치료 프로그램 이수와 아동·청소년 관련 기관 및 장애인 복지시설 취업제한 10년도 함께 명령했다.

재판부는 ""13세인 미성년자 피해자가 우울증을 앓고, 정신적으로 불안정한 상황임을 인식하면서도 성욕 해소를 위해 범죄를 저질렀다""며 ""성 착취적 태도와 강화된 의존 등 건강하지 않은 관계는 피해자를 심리적으로 더 불안하게 했을 것""이라고 밝혔다.

이어 ""피해자가 생을 마감하기 전 문자를 보면 자신에게 범행을 저지른 피고인에게 마지막으로 기대고 있는 점이 안타깝다""며 ""피고인이 소지한 성착취물 영상의 수가 적지 않고 직접 제작한 혐의 등을 볼 때 호기심과 경솔함만으로 범행을 한 것이 아니다""라고 봤다.

그러면서 ""피해자에게 미친 영향, 범행 경위를 감안하면 그 어느 사건보다 죄책이 무겁다""고 판시했다.

앞서 정씨는 온라인 커뮤니티 '디시인사이드' 내 우울증 갤러리에서 만난 10대 여학생 A양을 상대로 지난 3~4월 사이 성매수를 하고, 성 착취물을 제작·배포하는 등 성범죄를 저지른 혐의로 지난 8월 구속기소 됐다.

이후 지난 4월 A양은 서울 강남의 한 고층건물에서 소셜네트워크서비스(SNS)를 통해 극단적 선택을 하는 상황을 생중계한 뒤 뛰어내려 숨졌다.

한편, 정씨는 재판에서 자신의 혐의를 모두 인정하고, 검찰 측이 제시한 증거에 대해서도 모두 동의한다는 입장을 밝혔다.

※ 우울감 등 말하기 어려운 고민이 있거나 주변에 이런 어려움을 겪는 가족·지인이 있을 경우 자살 예방 핫라인 ☎1577-0199, 희망의 전화 ☎129, 생명의 전화 ☎1588-9191, 청소년 전화 ☎1388 등에서 24시간 전문가의 상담을 받을 수 있습니다.

문경아 디지털팀 기자 mka927@naver.com ",2,3,3,2,"제목에는 ‘극단 선택’이라는 단어가 사용되었고, 본문에는 구체적인 자살 방법이 언급되었으나, 유가족에 대한 사생활은 보호되었고 자살 예방 정보가 제공되었다."
